MI School Data,
2025-26 Student Count-Attendance Trend East Grand Rapids Public Schools (41090): All Students,
Location Name,School Year,Report Category,Attendance Rate (All Students),Total Count (All Students),Attendance Rate (Chronically Absent),# Chronically Absent,% Chronically Absent,Attendance Rate (Not Chronically Absent),# Not Chronically Absent,% Not Chronically Absent,
East Grand Rapids Public Schools (41090) ,2025-26,All Students,95.69%,"2,991",83.9%,197,6.6%,96.5%,"2,794",93.4%,
East Grand Rapids Public Schools (41090) ,2024-25,All Students,95.62%,"3,003",84.2%,170,5.7%,96.3%,"2,833",94.3%,
East Grand Rapids Public Schools (41090) ,2023-24,All Students,95.55%,"2,959",83.4%,192,6.5%,96.3%,"2,767",93.5%,
East Grand Rapids Public Schools (41090) ,2022-23,All Students,95.39%,"2,964",84.1%,216,7.3%,96.3%,"2,748",92.7%,
East Grand Rapids Public Schools (41090) ,2021-22,All Students,94.08%,"2,922",85.2%,403,13.8%,95.5%,"2,519",86.2%,
East Grand Rapids Public Schools (41090) ,2020-21,All Students,96.27%,"2,862",84.2%,179,6.3%,97.0%,"2,683",93.8%,
East Grand Rapids Public Schools (41090) ,2019-20,All Students,96.38%,"2,901",85.4%,155,5.3%,97.0%,"2,746",94.7%,
East Grand Rapids Public Schools (41090) ,2018-19,All Students,96.30%,"2,905",*,*,<5%,*,*,*,
East Grand Rapids Public Schools (41090) ,2017-18,All Students,96.55%,"2,938",*,*,<5%,*,*,*,
East Grand Rapids Public Schools (41090) ,2016-17,All Students,96.95%,"2,964",*,*,<5%,*,*,*,

