date,hour,category,capacity,occupied,pct_occupied
2025-03-12 (Wed),08:00,school,363,294,80.99
2025-03-12 (Wed),08:00,public_city,726,361,49.72
2025-03-12 (Wed),08:00,private_open,221,50,22.62
2025-03-12 (Wed),08:00,all,1310,705,53.82
2025-03-12 (Wed),09:00,school,363,261,71.90
2025-03-12 (Wed),09:00,public_city,726,417,57.44
2025-03-12 (Wed),09:00,private_open,221,88,39.82
2025-03-12 (Wed),09:00,all,1310,766,58.47
2025-03-12 (Wed),10:00,school,363,265,73.00
2025-03-12 (Wed),10:00,public_city,726,477,65.70
2025-03-12 (Wed),10:00,private_open,221,136,61.54
2025-03-12 (Wed),10:00,all,1310,878,67.02
2025-03-12 (Wed),11:00,school,363,254,69.97
2025-03-12 (Wed),11:00,public_city,726,459,63.22
2025-03-12 (Wed),11:00,private_open,221,165,74.66
2025-03-12 (Wed),11:00,all,1310,878,67.02
2025-03-12 (Wed),12:00,school,363,236,65.01
2025-03-12 (Wed),12:00,public_city,726,408,56.20
2025-03-12 (Wed),12:00,private_open,221,167,75.57
2025-03-12 (Wed),12:00,all,1310,811,61.91
2025-03-12 (Wed),13:00,school,363,292,80.44
2025-03-12 (Wed),13:00,public_city,726,473,65.15
2025-03-12 (Wed),13:00,private_open,221,174,78.73
2025-03-12 (Wed),13:00,all,1310,939,71.68
2025-03-12 (Wed),14:00,school,363,243,66.94
2025-03-12 (Wed),14:00,public_city,726,469,64.60
2025-03-12 (Wed),14:00,private_open,221,169,76.47
2025-03-12 (Wed),14:00,all,1310,881,67.25
2025-03-12 (Wed),15:00,school,363,175,48.21
2025-03-12 (Wed),15:00,public_city,726,410,56.47
2025-03-12 (Wed),15:00,private_open,221,145,65.61
2025-03-12 (Wed),15:00,all,1310,730,55.73
2025-03-12 (Wed),16:00,school,363,142,39.12
2025-03-12 (Wed),16:00,public_city,726,322,44.35
2025-03-12 (Wed),16:00,private_open,221,178,80.54
2025-03-12 (Wed),16:00,all,1310,642,49.01
2025-03-12 (Wed),17:00,school,363,121,33.33
2025-03-12 (Wed),17:00,public_city,726,321,44.21
2025-03-12 (Wed),17:00,private_open,221,172,77.83
2025-03-12 (Wed),17:00,all,1310,614,46.87
2025-03-12 (Wed),18:00,school,363,163,44.90
2025-03-12 (Wed),18:00,public_city,726,366,50.41
2025-03-12 (Wed),18:00,private_open,221,174,78.73
2025-03-12 (Wed),18:00,all,1310,703,53.66
2025-05-08 (Thu),08:00,school,363,258,71.07
2025-05-08 (Thu),08:00,public_city,726,326,44.90
2025-05-08 (Thu),08:00,private_open,221,62,28.05
2025-05-08 (Thu),08:00,all,1310,646,49.31
2025-05-08 (Thu),09:00,school,363,257,70.80
2025-05-08 (Thu),09:00,public_city,726,377,51.93
2025-05-08 (Thu),09:00,private_open,221,100,45.25
2025-05-08 (Thu),09:00,all,1310,734,56.03
2025-05-08 (Thu),10:00,school,363,264,72.73
2025-05-08 (Thu),10:00,public_city,726,446,61.43
2025-05-08 (Thu),10:00,private_open,221,125,56.56
2025-05-08 (Thu),10:00,all,1310,835,63.74
2025-05-08 (Thu),11:00,school,363,221,60.88
2025-05-08 (Thu),11:00,public_city,726,423,58.26
2025-05-08 (Thu),11:00,private_open,221,122,55.20
2025-05-08 (Thu),11:00,all,1310,766,58.47
2025-05-08 (Thu),12:00,school,363,198,54.55
2025-05-08 (Thu),12:00,public_city,726,388,53.44
2025-05-08 (Thu),12:00,private_open,221,158,71.49
2025-05-08 (Thu),12:00,all,1310,744,56.79
2025-05-08 (Thu),13:00,school,363,268,73.83
2025-05-08 (Thu),13:00,public_city,726,470,64.74
2025-05-08 (Thu),13:00,private_open,221,179,81.00
2025-05-08 (Thu),13:00,all,1310,917,70.00
2025-05-08 (Thu),14:00,school,363,238,65.56
2025-05-08 (Thu),14:00,public_city,726,459,63.22
2025-05-08 (Thu),14:00,private_open,221,160,72.40
2025-05-08 (Thu),14:00,all,1310,857,65.42
2025-05-08 (Thu),15:00,school,363,120,33.06
2025-05-08 (Thu),15:00,public_city,726,351,48.35
2025-05-08 (Thu),15:00,private_open,221,127,57.47
2025-05-08 (Thu),15:00,all,1310,598,45.65
2025-05-08 (Thu),16:00,school,363,123,33.88
2025-05-08 (Thu),16:00,public_city,726,372,51.24
2025-05-08 (Thu),16:00,private_open,221,125,56.56
2025-05-08 (Thu),16:00,all,1310,620,47.33
2025-05-08 (Thu),17:00,school,363,123,33.88
2025-05-08 (Thu),17:00,public_city,726,387,53.31
2025-05-08 (Thu),17:00,private_open,221,140,63.35
2025-05-08 (Thu),17:00,all,1310,650,49.62
2025-05-08 (Thu),18:00,school,363,146,40.22
2025-05-08 (Thu),18:00,public_city,726,434,59.78
2025-05-08 (Thu),18:00,private_open,221,136,61.54
2025-05-08 (Thu),18:00,all,1310,716,54.66
2025-05-10 (Sat),11:00,school,363,255,70.25
2025-05-10 (Sat),11:00,public_city,726,384,52.89
2025-05-10 (Sat),11:00,private_open,221,118,53.39
2025-05-10 (Sat),11:00,all,1310,757,57.79
2025-05-10 (Sat),12:00,school,363,241,66.39
2025-05-10 (Sat),12:00,public_city,726,388,53.44
2025-05-10 (Sat),12:00,private_open,221,139,62.90
2025-05-10 (Sat),12:00,all,1310,768,58.63
2025-05-10 (Sat),13:00,school,363,315,86.78
2025-05-10 (Sat),13:00,public_city,726,424,58.40
2025-05-10 (Sat),13:00,private_open,221,143,64.71
2025-05-10 (Sat),13:00,all,1310,882,67.33
2025-05-10 (Sat),14:00,school,363,310,85.40
2025-05-10 (Sat),14:00,public_city,726,450,61.98
2025-05-10 (Sat),14:00,private_open,221,149,67.42
2025-05-10 (Sat),14:00,all,1310,909,69.39
2025-05-10 (Sat),15:00,school,363,284,78.24
2025-05-10 (Sat),15:00,public_city,726,429,59.09
2025-05-10 (Sat),15:00,private_open,221,166,75.11
2025-05-10 (Sat),15:00,all,1310,879,67.10
2025-05-10 (Sat),16:00,school,363,122,33.61
2025-05-10 (Sat),16:00,public_city,726,398,54.82
2025-05-10 (Sat),16:00,private_open,221,145,65.61
2025-05-10 (Sat),16:00,all,1310,665,50.76
2025-05-10 (Sat),17:00,school,363,38,10.47
2025-05-10 (Sat),17:00,public_city,726,362,49.86
2025-05-10 (Sat),17:00,private_open,221,170,76.92
2025-05-10 (Sat),17:00,all,1310,570,43.51
