levy_year,fiscal_year_end_june30,taxable_value,principal,interest,total_debt_service,millage
2027,2028,1118641782,325000,337429,662429,0.5922
2028,2029,1141014617,330000,328427,658427,0.5771
2029,2030,1163834910,340000,319088,659088,0.5664
2030,2031,1187111608,350000,309160,659160,0.5553
2031,2032,1210853840,360000,298590,658590,0.5440
2032,2033,1235070917,375000,287322,662322,0.5363
2033,2034,1259772335,385000,275247,660247,0.5241
2034,2035,1284967782,400000,262426,662426,0.5156
2035,2036,1310667137,410000,248706,658706,0.5026
2036,2037,1336880480,425000,234315,659315,0.4932
2037,2038,1363618090,440000,218888,658888,0.4832
2038,2039,1390890452,460000,202564,662564,0.4764
2039,2040,1418708261,475000,185222,660222,0.4654
2040,2041,1447082426,495000,166887,661887,0.4574
2041,2042,1476024074,515000,146988,661988,0.4485
2042,2043,1505544556,535000,125718,660718,0.4389
2043,2044,1535655447,560000,103355,663355,0.4320
2044,2045,1566368556,580000,79443,659443,0.4211
2045,2046,1597695927,605000,54445,659445,0.4128
2046,2047,1629649845,635000,28067,663067,0.4069
