06/05/2026                                CHART OF ACCOUNTS FOR CITY OF EAST GRAND RAPIDS                                          ,,,,
GL Number,Description,Type,Department Description,Closing GL# Override
Department 000: ,,,,
099-000-0015.00,CASH IN BANK - FIFTH THIRD,Cash,,
099-000-0020.00,DEBIT CARD ACCOUNT,Cash,,
099-000-0380.00,ACCOMMODATION PURCHASES,Accounts Receivable,,
099-000-0400.00,MISC ACCOUNTS RECEIVABLE,Accounts Receivable,,
099-000-1230.00,PREPAID EXPENSES-HEALTH EQUITY DEPOSITS,Other Assets,,
099-000-2020.00,ACCOUNTS PAYABLE,Accounts Payable,,
099-000-2370.00,FEDERAL W/H TAX PAYABLE,Liabilities-ST,,
099-000-2380.00,STATE W/H TAX PAYABLE,Liabilities-ST,,
099-000-2390.01,GR CITY W/H TAX PAYABLE,Liabilities-ST,,
099-000-2390.02,WALKER CITY W/H TAX PAYABLE,Liabilities-ST,,
099-000-2400.00,FICA W/H TAX PAYABLE,Liabilities-ST,,
099-000-2410.00,DB PENSION W/H PAYABLE,Liabilities-ST,,
099-000-2420.00,PUB. SERV UNION DUES PAYABLE,Liabilities-ST,,
099-000-2430.00,PUB. SAFETY UNION DUES PAY.,Liabilities-ST,,
099-000-2440.00,R-HSA W/H PAYABLE,Liabilities-ST,,
099-000-2450.00,UNITED WAY W/H PAYABLE,Liabilities-ST,,
099-000-2460.00,FLOWER FUND PAYABLE,Liabilities-ST,,
099-000-2465.00,EMPLOYEE APPRECIATION FUND,Liabilities-ST,,
099-000-2470.00,CREDIT UNION W/H PAYABLE,Liabilities-ST,,
099-000-2480.00,EE DEF. COMPENSATION PAYABLE-457,Liabilities-ST,,
099-000-2490.00,WORKER'S COMP  PAYABLE,Liabilities-ST,,
099-000-2520.00,REIMBURSEMENT PAYABLE,Liabilities-ST,,
099-000-2530.00,HSA PLAN PAYABLE,Liabilities-ST,,
099-000-2540.00,MI STATE DISBURSEMENT UNIT-FOC,Liabilities-ST,,
099-000-2560.00,DEFINED CONTRIBUTION 401(A),Liabilities-ST,,
099-000-2570.00,ACCRUED PAYROLL PAYABLE,Liabilities-ST,,
099-000-2590.00,MESP W/H PAYABLE,Liabilities-ST,,
099-000-2620.00,ROTH IRA PAYABLE,Liabilities-ST,,
099-000-2630.00,OTHER LIABILITIES,Liabilities-ST,,
099-000-2640.00,HEALTH INSURANCE PAYABLE,Liabilities-ST,,
099-000-2690.00,WAGE GARNISHMENT PAYABLE,Liabilities-ST,,
099-000-2720.00,EMPLOYER PENSION PAYABLE,Liabilities-ST,,
099-000-2840.00,457 POST TAX PAYABLE,Liabilities-ST,,
099-000-3880.00,ASSIGNED FOR FUTURE RETIREMENT PAYMENTS,Assigned,,
099-000-3900.00,UNASSIGNED FUND BALANCE,Unassigned,,
Department 025: ,,,,
099-025-1235.00,DC PLAN FORFEITURE BALANCE,Other Assets,,
Department 930: TRANSFERS IN,,,,
099-930-6900.01,TRANSFER FROM WEALTHY POOL CAPITAL PROJE,Revenue,TRANSFERS IN,
099-930-6990.00,TRANSFER FROM GENERAL FUND,Transfers-In,TRANSFERS IN,
Department 965: TRANSFERS OUT,,,,
099-965-9950.10,TRANS TO OTHER FUNDS,Expenditure,TRANSFERS OUT,
Department 000: ,,,,
101-000-0015.00,CASH IN BANK - FIFTH THIRD,Cash,,
101-000-0015.01,CASH IN SAFE- 5/3RD (AWAITING DEPOSIT),Cash,,
101-000-0040.01,PETTY CASH - CITY HALL,Cash,,
101-000-0110.00,CASH OVER/SHORT,Cash,,
101-000-0171.00,KENT COUNTY INVESTMENT POOL,Investments,,
101-000-0172.00,MICHIGAN CLASS INVESTMENT POOL,Investments,,
101-000-0172.01,MICHIGAN  CLASS INVESTMENT POOL(EDGE),Cash,,
101-000-0240.00,ACCRUED INTEREST ON INVESTMENT,Accounts Receivable,,
101-000-0360.00,DELQ MISCELLANEOUS RECEIVABLES,Accounts Receivable,,
101-000-0380.00,ACCOMMODATION PURCHASES,Accounts Receivable,,
101-000-0480.00,TREE COSTS RECEIVABLE,Accounts Receivable,,
101-000-0560.00,INTEREST RECEIVABLE,Accounts Receivable,,
101-000-0565.00,PA 105 INTEREST RECEIVABLE,Accounts Receivable,,
101-000-0570.00,REVENUE RECEIVABLE,Accounts Receivable,,
101-000-0580.00,SPONSORSHIP RECEIVABLE,Accounts Receivable,,
101-000-0590.00,GRANTS/DONATIONS RECEIVABLE,Accounts Receivable,,
101-000-0750.00,DUE FROM EGR PUBLIC SCHOOLS,Accounts Receivable,,
101-000-0780.00,DUE FROM STATE,Accounts Receivable,,
101-000-0810.00,DUE FROM OTHER UNITS OF GOV'T,Accounts Receivable,,
101-000-0820.00,DUE FROM OTHER FUNDS,Accounts Receivable,,
101-000-0880.00,DUE FROM WATER/SEWER FUND,Accounts Receivable,,
101-000-0950.00,MISC ACCOUNTS RECEIVABLE,Accounts Receivable,,
101-000-1230.00,PREPAID EXPENSES,Other Assets,,
101-000-2020.00,ACCOUNTS PAYABLE,Accounts Payable,,
101-000-2040.00,EGR HISTORY ROOM-KDL,Liabilities-ST,,
101-000-2090.00,ACCRUED EXP LIABILITY,Liabilities-ST,,
101-000-2140.00,DUE TO OTHER FUNDS,Due To Other Funds,,
101-000-2251.00,DUE TO EGR PUBLIC SCHOOLS,Liabilities-ST,,
101-000-2300.00,DUE TO OTHER GOVERNMENT UNIT,Liabilities-ST,,
101-000-2460.00,FLOWER FUND PAYABLE,Liabilities-ST,,
101-000-2465.00,EMPLOYEE APPRECIATON FUND,Liabilities-ST,,
101-000-2570.00,ACCRUED PAYROLL PAYABLE,Liabilities-ST,,
101-000-2830.00,PERFORMANCE DEPOSITS PAYABLE,Liabilities-ST,,
101-000-2870.00,PREPAID LICENSES,Liabilities-ST,,
101-000-2880.00,ZONING ESCROW,Liabilities-ST,,
101-000-2880.01,FIRE INSURANCE W/H ESCROW,Liabilities-ST,,
101-000-2880.02,PERFORMANCE BOND HOLDINGS,Liabilities-ST,,
101-000-2880.03,OTHER ESCROW HOLDINGS,Liabilities-ST,,
101-000-2880.04,SPECTRUM ESCROW DEPOSIT,Liabilities-ST,,
101-000-2880.05,GASLIGHT INVESTORS ESCROW,Liabilities-ST,,
101-000-2880.06,ROSE'S ESCROW,Liabilities-ST,,
101-000-2880.07,ELINOR LANE ESCROW,Liabilities-ST,,
101-000-3390.00,DEFERRED REVENUE,Liabilities-ST,,
101-000-3390.01,DEFERRED REVENUE - SOCCER,Liabilities-ST,,
101-000-3390.02,DEFERRED REVENUE - POOL,Liabilities-ST,,
101-000-3390.03,DEFERRED REVENUE - SOFTBALL,Liabilities-ST,,
101-000-3390.04,DEFERRED REVENUE - TENNIS,Liabilities-ST,,
101-000-3390.05,DEFERRED REVENUE - SAILING,Liabilities-LT (over 1 year),,
101-000-3750.01,RESTRICTED OPIOD FUNDS,Unassigned,,
101-000-3800.00,COMMITTED FOR TURF REPLACEMENT,Committed,,
101-000-3801.00,COMMITTED FOR PLAYGROUNDS,Committed,,
101-000-3860.00,ASSIGNED FOR PUBLIC SAFETY ACT,Assigned,,
101-000-3900.00,UNASSIGNED FUND BALANCE,Unassigned,,
101-000-4020.00,TAX REVENUE-CITY OF EGR,Revenue,,
101-000-4450.00,INTEREST & PENALTIES ON TAXES,Revenue,,
101-000-5390.01,MONIES RECEIVED FROM STATE,Revenue,,
101-000-6540.00,MISCELLANEOUS REVENUE,Revenue,,
101-000-6650.00,INTEREST ON INVESTMENTS,Revenue,,
101-000-9640.00,BANK SERVICE FEES,Expenditure,,
Department 101: CITY COMMISSION,,,,
101-101-7070.00,SALARIES & WAGES - PART-TIME/TEMP,Expenditure,CITY COMMISSION,
101-101-7150.00,EMPLOYER SOCIAL SECURITY,Expenditure,CITY COMMISSION,
101-101-7160.00,WORKERS' COMPENSATION INS,Expenditure,CITY COMMISSION,
101-101-8010.00,CONTRACTUAL SERVICES,Expenditure,CITY COMMISSION,
101-101-8010.24,FOUNDATION AUDIT/EXPENSES,Expenditure,CITY COMMISSION,
101-101-8010.38,GVSU INTERNSHIP,Expenditure,CITY COMMISSION,
101-101-9550.00,MISCELLANEOUS EXPENSE,Expenditure,CITY COMMISSION,
101-101-9550.01,HISTORY ROOM SUPPLIES,Expenditure,CITY COMMISSION,
101-101-9550.02,HOLIDAY DECORATIONS,Expenditure,CITY COMMISSION,
101-101-9550.03,FUNERAL FLOWERS,Expenditure,CITY COMMISSION,
101-101-9550.04,HOLIDAY RECEPTION,Expenditure,CITY COMMISSION,
101-101-9550.05,MISCELLANEOUS,Expenditure,CITY COMMISSION,
101-101-9550.07,AMBULANCE CONSORTIUM,Expenditure,CITY COMMISSION,
101-101-9550.15,PARADE CANDY,Expenditure,CITY COMMISSION,
101-101-9560.01,GRAND VALLEY METRO COUNCIL,Expenditure,CITY COMMISSION,
101-101-9560.02,MI MUNICIPAL LEAGUE,Expenditure,CITY COMMISSION,
101-101-9560.03,GASLIGHT VILLAGE BUS ASSOC.,Expenditure,CITY COMMISSION,
101-101-9560.04,LGROW,Expenditure,CITY COMMISSION,
101-101-9560.05,MISCELLANEOUS,Expenditure,CITY COMMISSION,
101-101-9560.06,THE RIGHT PLACE,Expenditure,CITY COMMISSION,
101-101-9570.04,PROFESSIONAL DEVELOPMENT,Expenditure,CITY COMMISSION,
101-101-9700.00,CAPITAL EXPENDITURES,Expenditure,CITY COMMISSION,
101-101-9700.01,RECODIFICATION OF CITY CODE,Expenditure,CITY COMMISSION,
Department 172: CITY MANAGER,,,,
101-172-7060.00,SALARIES & WAGES - PERMANENT,Expenditure,CITY MANAGER,
101-172-7070.00,SALARIES & WAGES - PART-TIME/TEMP,Expenditure,CITY MANAGER,
101-172-7090.00,SALARIES & WAGES - OVERTIME,Expenditure,CITY MANAGER,
101-172-7150.00,EMPLOYER SOCIAL SECURITY,Expenditure,CITY MANAGER,
101-172-7160.00,WORKERS' COMPENSATION INS,Expenditure,CITY MANAGER,
101-172-7170.00,HEALTH CARE,Expenditure,CITY MANAGER,
101-172-7180.00,LIFE/LTD ,Expenditure,CITY MANAGER,
101-172-7190.00,PENSION,Expenditure,CITY MANAGER,
101-172-8010.20,PERSONNEL TRAINING & CONSULTATION,Expenditure,CITY MANAGER,
101-172-8010.21,DEPARTMENT DIRECTOR RETREAT,Expenditure,CITY MANAGER,
101-172-8010.22,EMPLOYEE SERVICE AWARDS,Expenditure,CITY MANAGER,
101-172-8010.23,OFF-SITE STORAGE,Expenditure,CITY MANAGER,
101-172-8010.25,MISCELLANEOUS,Expenditure,CITY MANAGER,
101-172-8010.42,COMMUNICATIONS,Expenditure,CITY MANAGER,
101-172-9470.00,AUTO EXPENSE,Expenditure,CITY MANAGER,
101-172-9550.00,MISCELLANEOUS EXPENSE,Expenditure,CITY MANAGER,
101-172-9550.11,FLOWERS FOR BEREAVEMENT OF COMMISSION,Expenditure,CITY MANAGER,
101-172-9550.13,SPECIAL SUPPLY PURCHASE,Expenditure,CITY MANAGER,
101-172-9550.14,MISCELLANEOUS,Expenditure,CITY MANAGER,
101-172-9560.00,DUES & SUBSCRIPTIONS,Expenditure,CITY MANAGER,
101-172-9560.10,WALL STREET JOURNAL,Expenditure,CITY MANAGER,
101-172-9560.11,CLERKS ASSOCIATIONS,Expenditure,CITY MANAGER,
101-172-9560.12,ICMA ANNUAL MEMBERSHIP,Expenditure,CITY MANAGER,
101-172-9560.13,MME ANNUAL DUES,Expenditure,CITY MANAGER,
101-172-9560.14,WMLGMA ANNUAL DUES,Expenditure,CITY MANAGER,
101-172-9560.15,MISCELLANEOUS DUES & SUBSCRIPTIONS,Expenditure,CITY MANAGER,
101-172-9560.16,THE EMPLOYEE ASSOCIATION,Expenditure,CITY MANAGER,
101-172-9570.00,PROFESSIONAL DEVELOPMENT,Expenditure,CITY MANAGER,
101-172-9570.10,ICMA CONFERENCE,Expenditure,CITY MANAGER,
101-172-9570.11,MME ANNUAL CONFERENCE,Expenditure,CITY MANAGER,
101-172-9570.12,MML CONFERENCE,Expenditure,CITY MANAGER,
101-172-9570.13,CLERKS CONFERENCE/MEETINGS,Expenditure,CITY MANAGER,
101-172-9570.14,MISCELLANEOUS PROF DEVELOPMENT,Expenditure,CITY MANAGER,
101-172-9700.00,CAPITAL EXPENDITURES,Expenditure,CITY MANAGER,
101-172-9700.01,RECODIFICATION OF CITY CODE,Expenditure,CITY MANAGER,
101-172-9701.00,SMALL CAPITAL,Expenditure,CITY MANAGER,
Department 192: ELECTIONS,,,,
101-192-7070.00,SALARIES & WAGES - PART-TIME/TEMP,Expenditure,ELECTIONS,
101-192-7090.00,SALARIES & WAGES - OVERTIME,Expenditure,ELECTIONS,
101-192-7150.00,EMPLOYER SOCIAL SECURITY,Expenditure,ELECTIONS,
101-192-7160.00,WORKERS' COMPENSATION INS,Expenditure,ELECTIONS,
101-192-7400.00,OPERATING SUPPLIES,Expenditure,ELECTIONS,
101-192-8010.00,CONTRACTUAL SERVICES,Expenditure,ELECTIONS,
101-192-9300.00,REPAIRS & MAINTENANCE,Expenditure,ELECTIONS,
101-192-9700.00,CAPITAL EXPENDITURES,Expenditure,ELECTIONS,
101-192-9701.00,SMALL CAPITAL,Expenditure,ELECTIONS,
Department 209: ASSESSOR,,,,
101-209-7060.00,SALARIES & WAGES - PERMANENT,Expenditure,ASSESSOR,
101-209-7070.00,SALARIES & WAGES - PART-TIME/TEMP,Expenditure,ASSESSOR,
101-209-7090.00,SALARIES & WAGES - OVERTIME,Expenditure,ASSESSOR,
101-209-7150.00,EMPLOYER SOCIAL SECURITY,Expenditure,ASSESSOR,
101-209-7160.00,WORKERS' COMPENSATION INS,Expenditure,ASSESSOR,
101-209-7170.00,HEALTH CARE,Expenditure,ASSESSOR,
101-209-7180.00,LIFE/LTD ,Expenditure,ASSESSOR,
101-209-7190.00,PENSION,Expenditure,ASSESSOR,
101-209-7400.00,OPERATING SUPPLIES,Expenditure,ASSESSOR,
101-209-8010.00,CONTRACTUAL SERVICES,Expenditure,ASSESSOR,
101-209-9470.00,AUTO EXPENSE,Expenditure,ASSESSOR,
101-209-9560.00,DUES & SUBSCRIPTIONS,Expenditure,ASSESSOR,
101-209-9570.00,PROFESSIONAL DEVELOPMENT,Expenditure,ASSESSOR,
101-209-9701.00,SMALL CAPITAL,Expenditure,ASSESSOR,
Department 210: CITY ATTORNEY,,,,
101-210-7080.00,CONTRACTUAL WAGES,Expenditure,CITY ATTORNEY,
101-210-8180.00,LABOR ATTORNEY FEES,Expenditure,CITY ATTORNEY,
101-210-8180.01,LITIGATION FEES,Expenditure,CITY ATTORNEY,
101-210-9550.00,MISCELLANEOUS EXPENSE,Expenditure,CITY ATTORNEY,
Department 260: FINANCE,,,,
101-260-7060.00,SALARIES & WAGES - PERMANENT,Expenditure,FINANCE,
101-260-7070.00,SALARIES & WAGES - PART-TIME/TEMP,Expenditure,FINANCE,
101-260-7090.00,SALARIES & WAGES - OVERTIME,Expenditure,FINANCE,
101-260-7150.00,EMPLOYER SOCIAL SECURITY,Expenditure,FINANCE,
101-260-7160.00,WORKERS' COMPENSATION INS,Expenditure,FINANCE,
101-260-7170.00,HEALTH CARE,Expenditure,FINANCE,
101-260-7180.00,LIFE/LTD ,Expenditure,FINANCE,
101-260-7190.00,PENSION,Expenditure,FINANCE,
101-260-7400.00,OPERATING SUPPLIES,Expenditure,FINANCE,
101-260-7410.00,POSTAGE,Expenditure,FINANCE,
101-260-8010.00,CONTRACTUAL SERVICES,Expenditure,FINANCE,
101-260-8030.00,AUDIT,Expenditure,FINANCE,
101-260-8360.00,R-HSA EXPENDITURE,Expenditure,FINANCE,
101-260-9000.00,PRINTING & PUBLISHING,Expenditure,FINANCE,
101-260-9300.00,REPAIRS & MAINTENANCE,Expenditure,FINANCE,
101-260-9320.00,COMPUTER REPAIR,Expenditure,FINANCE,
101-260-9470.00,AUTO EXPENSE,Expenditure,FINANCE,
101-260-9540.00,WELLNESS COMMITTEE,Expenditure,FINANCE,
101-260-9550.00,MISCELLANEOUS EXPENSE,Expenditure,FINANCE,
101-260-9560.00,DUES & SUBSCRIPTIONS,Expenditure,FINANCE,
101-260-9570.00,PROFESSIONAL DEVELOPMENT,Expenditure,FINANCE,
101-260-9640.00,BANK SERVICE FEES,Expenditure,FINANCE,
101-260-9700.00,CAPITAL EXPENDITURES,Expenditure,FINANCE,
101-260-9701.00,SMALL CAPITAL,Expenditure,FINANCE,
Department 265: CITY BUILDINGS,,,,
101-265-7060.00,SALARIES & WAGES - PERMANENT,Expenditure,CITY BUILDINGS,
101-265-7070.00,SALARIES & WAGES - PART-TIME/TEMP,Expenditure,CITY BUILDINGS,
101-265-7090.00,SALARIES & WAGES - OVERTIME,Expenditure,CITY BUILDINGS,
101-265-7150.00,EMPLOYER SOCIAL SECURITY,Expenditure,CITY BUILDINGS,
101-265-7160.00,WORKERS' COMPENSATION INS,Expenditure,CITY BUILDINGS,
101-265-7170.00,HEALTH CARE,Expenditure,CITY BUILDINGS,
101-265-7180.00,LIFE/LTD ,Expenditure,CITY BUILDINGS,
101-265-7190.00,PENSION,Expenditure,CITY BUILDINGS,
101-265-7190.01,DB PENSION,Expenditure,CITY BUILDINGS,
101-265-7400.00,OPERATING SUPPLIES,Expenditure,CITY BUILDINGS,
101-265-7400.04,MEDICAL SUPPLIES,Expenditure,CITY BUILDINGS,
101-265-7400.05,CLEANING SUPPLIES,Expenditure,CITY BUILDINGS,
101-265-7400.06,OFFICE SUPPLIES,Expenditure,CITY BUILDINGS,
101-265-7400.11,EMPLOYEE SAFETY GEAR,Expenditure,CITY BUILDINGS,
101-265-8010.00,CONTRACTUAL SERVICES,Expenditure,CITY BUILDINGS,
101-265-8010.02,UNIFORMS,Expenditure,CITY BUILDINGS,
101-265-8010.04,ELEVATOR SRV MAINT AGREEMENT,Expenditure,CITY BUILDINGS,
101-265-8010.05,HVAC PM AGREEMENT,Expenditure,CITY BUILDINGS,
101-265-8010.06,HURST-WEALTHY POOL AGREEMENT,Expenditure,CITY BUILDINGS,
101-265-8010.07,CONTROL LOGIC HVAC PC,Expenditure,CITY BUILDINGS,
101-265-8010.08,PLEUNE SERVICE CO. AGREEMENT,Expenditure,CITY BUILDINGS,
101-265-8010.30,HVAC - MNT CHILLER,Expenditure,CITY BUILDINGS,
101-265-8010.31,LIGHTING - R/M,Expenditure,CITY BUILDINGS,
101-265-8010.32,OVERHEAD DOOR,Expenditure,CITY BUILDINGS,
101-265-8010.33,WEALTHY POOL,Expenditure,CITY BUILDINGS,
101-265-8010.35,GENERAL BUILDING/COM CENTER/LIB/OTHER,Expenditure,CITY BUILDINGS,
101-265-8010.36,PARKS,Expenditure,CITY BUILDINGS,
101-265-8010.40,PAVEMENT MARKING,Expenditure,CITY BUILDINGS,
101-265-8010.48,FIRE MONITORING AND LOCK SYSTEMS,Expenditure,CITY BUILDINGS,
101-265-8040.00,JANITORIAL SERVICE,Expenditure,CITY BUILDINGS,
101-265-8360.00,R-HSA EXPENDITURE,Expenditure,CITY BUILDINGS,
101-265-8370.00,LTD INSURANCE PREMIUMS,Expenditure,CITY BUILDINGS,
101-265-9210.00,GAS SERVICE,Expenditure,CITY BUILDINGS,
101-265-9220.00,ELECTRIC SERVICE,Expenditure,CITY BUILDINGS,
101-265-9230.00,WATER SERVICE,Expenditure,CITY BUILDINGS,
101-265-9240.00,TELEPHONE SERVICE + CELL,Expenditure,CITY BUILDINGS,
101-265-9300.00,REPAIRS & MAINTENANCE,Expenditure,CITY BUILDINGS,
101-265-9470.00,AUTO EXPENSE,Expenditure,CITY BUILDINGS,
101-265-9550.00,MISCELLANEOUS EXPENSE,Expenditure,CITY BUILDINGS,
101-265-9560.00,DUES & SUBSCRIPTIONS,Expenditure,CITY BUILDINGS,
101-265-9570.00,PROFESSIONAL DEVELOPMENT,Expenditure,CITY BUILDINGS,
101-265-9570.01,CONFERENCES,Expenditure,CITY BUILDINGS,
101-265-9570.02,PC TRAINING - BSA - AUTO CAD,Expenditure,CITY BUILDINGS,
101-265-9570.03,STATE CONFERENCE,Expenditure,CITY BUILDINGS,
101-265-9700.00,CAPITAL EXPENDITURES,Expenditure,CITY BUILDINGS,
101-265-9700.35,CHILLER PROJECT FUND ,Expenditure,CITY BUILDINGS,
101-265-9701.00,SMALL CAPITAL,Expenditure,CITY BUILDINGS,
101-265-9701.01,COMPUTERS,Expenditure,CITY BUILDINGS,
Department 345: PUBLIC SAFETY,,,,
101-345-7060.00,SALARIES & WAGES - PERMANENT,Expenditure,PUBLIC SAFETY,
101-345-7070.00,SALARIES & WAGES - PART-TIME/TEMP,Expenditure,PUBLIC SAFETY,
101-345-7090.00,SALARIES & WAGES - OVERTIME,Expenditure,PUBLIC SAFETY,
101-345-7110.00,SAL. & WAGES - PERM. (NO FICA),Expenditure,PUBLIC SAFETY,
101-345-7130.00,SAL. & WAGES - OVT (NO FICA),Expenditure,PUBLIC SAFETY,
101-345-7150.00,EMPLOYER SOCIAL SECURITY,Expenditure,PUBLIC SAFETY,
101-345-7160.00,WORKERS' COMPENSATION INS,Expenditure,PUBLIC SAFETY,
101-345-7170.00,HEALTH CARE,Expenditure,PUBLIC SAFETY,
101-345-7180.00,LIFE/LTD ,Expenditure,PUBLIC SAFETY,
101-345-7190.00,PENSION,Expenditure,PUBLIC SAFETY,
101-345-7190.01,DB PENSION,Expenditure,PUBLIC SAFETY,
101-345-7200.00,UNEMPLOYMENT EXPENSE,Expenditure,PUBLIC SAFETY,
101-345-7400.00,OPERATING SUPPLIES,Expenditure,PUBLIC SAFETY,
101-345-7400.01,UNIFORMS,Expenditure,PUBLIC SAFETY,
101-345-7400.02,SCHOOL PROGRAMS,Expenditure,PUBLIC SAFETY,
101-345-7400.03,COMMUNITY POLICING,Expenditure,PUBLIC SAFETY,
101-345-7400.04,MEDICAL SUPPLIES,Expenditure,PUBLIC SAFETY,
101-345-7400.05,CLEANING SUPPLIES,Expenditure,PUBLIC SAFETY,
101-345-7400.06,OFFICE SUPPLIES,Expenditure,PUBLIC SAFETY,
101-345-7400.07,MISC. OPERATING,Expenditure,PUBLIC SAFETY,
101-345-7400.08,FIRE & RESCUE SUPPLIES,Expenditure,PUBLIC SAFETY,
101-345-7400.09,POLICE EQUIPMENT,Expenditure,PUBLIC SAFETY,
101-345-8010.00,CONTRACTUAL SERVICES,Expenditure,PUBLIC SAFETY,
101-345-8110.00,COUNTY DISPATCH AGREEMENT,Expenditure,PUBLIC SAFETY,
101-345-8360.00,R-HSA EXPENDITURE,Expenditure,PUBLIC SAFETY,
101-345-9300.00,REPAIRS & MAINTENANCE,Expenditure,PUBLIC SAFETY,
101-345-9470.00,AUTO EXPENSE,Expenditure,PUBLIC SAFETY,
101-345-9550.00,MISCELLANEOUS EXPENSE,Expenditure,PUBLIC SAFETY,
101-345-9560.00,DUES & SUBSCRIPTIONS,Expenditure,PUBLIC SAFETY,
101-345-9570.00,PROFESSIONAL DEVELOPMENT,Expenditure,PUBLIC SAFETY,
101-345-9571.00,INSERVICE TRAINING,Expenditure,PUBLIC SAFETY,
101-345-9700.00,CAPITAL EXPENDITURES,Expenditure,PUBLIC SAFETY,
101-345-9701.00,SMALL CAPITAL,Expenditure,PUBLIC SAFETY,
Department 346: PUBLIC SAFETY STATE PROGRAMS,,,,
101-346-9580.00,ST TRNG GRANT-POLICE / PA302,Expenditure,PUBLIC SAFETY STATE PROGRAMS,
101-346-9580.01,OUIL VHCL FORFEITURE APPROV EXPENDITURES,Expenditure,PUBLIC SAFETY STATE PROGRAMS,
101-346-9600.00,ST BASIC TRNG GRANT / PA203,Expenditure,PUBLIC SAFETY STATE PROGRAMS,
Department 347: DRUG SEIZURE,,,,
101-347-9700.00,CAPITAL EXPENDITURES,Expenditure,DRUG SEIZURE,
101-347-9701.00,SMALL CAPITAL,Expenditure,DRUG SEIZURE,
Department 371: ZONING ADMINISTRATION,,,,
101-371-7060.00,SALARIES & WAGES - PERMANENT,Expenditure,ZONING ADMINISTRATION,
101-371-7070.00,SALARIES & WAGES - PART-TIME/TEMP,Expenditure,ZONING ADMINISTRATION,
101-371-7090.00,SALARIES & WAGES - OVERTIME,Expenditure,ZONING ADMINISTRATION,
101-371-7150.00,EMPLOYER SOCIAL SECURITY,Expenditure,ZONING ADMINISTRATION,
101-371-7160.00,WORKERS' COMPENSATION INS,Expenditure,ZONING ADMINISTRATION,
101-371-7170.00,HEALTH CARE,Expenditure,ZONING ADMINISTRATION,
101-371-7180.00,LIFE/LTD ,Expenditure,ZONING ADMINISTRATION,
101-371-7190.00,PENSION,Expenditure,ZONING ADMINISTRATION,
101-371-7190.01,DB PENSION,Expenditure,ZONING ADMINISTRATION,
101-371-7400.00,OPERATING SUPPLIES,Expenditure,ZONING ADMINISTRATION,
101-371-8010.00,CONTRACTUAL SERVICES,Expenditure,ZONING ADMINISTRATION,
101-371-8360.00,R-HSA EXPENDITURE,Expenditure,ZONING ADMINISTRATION,
101-371-9470.00,AUTO EXPENSE,Expenditure,ZONING ADMINISTRATION,
Department 447: CITY ENGINEERING,,,,
101-447-8010.00,CONTRACTUAL SERVICES,Expenditure,CITY ENGINEERING,
Department 448: STREET LIGHTING,,,,
101-448-7400.00,OPERATING SUPPLIES,Expenditure,STREET LIGHTING,
101-448-8010.00,CONTRACTUAL SERVICES,Expenditure,STREET LIGHTING,
101-448-9220.00,ELECTRIC SERVICE,Expenditure,STREET LIGHTING,
101-448-9300.00,REPAIRS & MAINTENANCE,Expenditure,STREET LIGHTING,
101-448-9700.00,CAPITAL EXPENDITURES,Expenditure,STREET LIGHTING,
101-448-9701.00,SMALL CAPITAL,Expenditure,STREET LIGHTING,
Department 450: LICENSES & PERMITS,,,,
101-450-4510.00,BUSINESS LICENSES,Revenue,LICENSES & PERMITS,
101-450-4770.00,BUILDING PERMITS,Revenue,LICENSES & PERMITS,
101-450-4790.00,OTHER PERMITS,Revenue,LICENSES & PERMITS,
Department 485: GASLIGHT VILLAGE BUSINESS DISTRICT,,,,
101-485-7060.00,SALARIES & WAGES - PERMANENT,Expenditure,GASLIGHT VILLAGE BUSINESS DISTRICT,
101-485-7070.00,SALARIES & WAGES - PART-TIME/TEMP,Expenditure,GASLIGHT VILLAGE BUSINESS DISTRICT,
101-485-7090.00,SALARIES & WAGES - OVERTIME,Expenditure,GASLIGHT VILLAGE BUSINESS DISTRICT,
101-485-7150.00,EMPLOYER SOCIAL SECURITY,Expenditure,GASLIGHT VILLAGE BUSINESS DISTRICT,
101-485-7170.00,HEALTH CARE,Expenditure,GASLIGHT VILLAGE BUSINESS DISTRICT,
101-485-7180.00,LIFE/LTD ,Expenditure,GASLIGHT VILLAGE BUSINESS DISTRICT,
101-485-7190.00,PENSION,Expenditure,GASLIGHT VILLAGE BUSINESS DISTRICT,
101-485-7400.00,OPERATING SUPPLIES,Expenditure,GASLIGHT VILLAGE BUSINESS DISTRICT,
101-485-7400.36,REC/GROUND MAINT,Expenditure,GASLIGHT VILLAGE BUSINESS DISTRICT,
101-485-8010.00,CONTRACTUAL SERVICES,Expenditure,GASLIGHT VILLAGE BUSINESS DISTRICT,
101-485-8010.36,REC/GROUND MAINT,Expenditure,GASLIGHT VILLAGE BUSINESS DISTRICT,
101-485-8010.42,COMMUNICATIONS AND MARKETING,Expenditure,GASLIGHT VILLAGE BUSINESS DISTRICT,
101-485-9210.00,GAS SERVICE,Expenditure,GASLIGHT VILLAGE BUSINESS DISTRICT,
101-485-9220.00,ELECTRIC SERVICE,Expenditure,GASLIGHT VILLAGE BUSINESS DISTRICT,
101-485-9230.00,WATER SERVICE,Expenditure,GASLIGHT VILLAGE BUSINESS DISTRICT,
101-485-9300.00,REPAIRS & MAINTENANCE,Expenditure,GASLIGHT VILLAGE BUSINESS DISTRICT,
101-485-9700.00,CAPITAL EXPENDITURES,Expenditure,GASLIGHT VILLAGE BUSINESS DISTRICT,
101-485-9701.00,SMALL CAPITAL EXP,Expenditure,GASLIGHT VILLAGE BUSINESS DISTRICT,
Department 528: YARD WASTE COLLECTION/REFUSE/COMPOST,,,,
101-528-7060.00,SALARIES & WAGES - PERMANENT,Expenditure,YARD WASTE COLLECTION/REFUSE/COMPOST,
101-528-7070.00,SALARIES & WAGES - PART-TIME/TEMP,Expenditure,YARD WASTE COLLECTION/REFUSE/COMPOST,
101-528-7090.00,SALARIES & WAGES - OVERTIME,Expenditure,YARD WASTE COLLECTION/REFUSE/COMPOST,
101-528-7150.00,EMPLOYER SOCIAL SECURITY,Expenditure,YARD WASTE COLLECTION/REFUSE/COMPOST,
101-528-7160.00,WORKERS' COMPENSATION INS,Expenditure,YARD WASTE COLLECTION/REFUSE/COMPOST,
101-528-7170.00,HEALTH CARE,Expenditure,YARD WASTE COLLECTION/REFUSE/COMPOST,
101-528-7180.00,LIFE/LTD ,Expenditure,YARD WASTE COLLECTION/REFUSE/COMPOST,
101-528-7190.00,PENSION,Expenditure,YARD WASTE COLLECTION/REFUSE/COMPOST,
101-528-7400.00,OPERATING SUPPLIES,Expenditure,YARD WASTE COLLECTION/REFUSE/COMPOST,
101-528-8010.00,CONTRACTUAL SERVICES,Expenditure,YARD WASTE COLLECTION/REFUSE/COMPOST,
101-528-8050.00,YARD WASTE DISPOSAL,Expenditure,YARD WASTE COLLECTION/REFUSE/COMPOST,
101-528-9300.00,REPAIRS & MAINTENANCE,Expenditure,YARD WASTE COLLECTION/REFUSE/COMPOST,
101-528-9470.00,AUTO EXPENSE,Expenditure,YARD WASTE COLLECTION/REFUSE/COMPOST,
Department 539: INTERGOVERNMENT REVENUES,,,,
101-539-5390.01,MONIES RECEIVED FROM STATE,Revenue,INTERGOVERNMENT REVENUES,
101-539-5430.00,ST CORONA RELIEF GRANT - PA 144 & 123,Revenue,INTERGOVERNMENT REVENUES,
101-539-5440.00,ST TRNG GRANT-POLICE / PA 302,Revenue,INTERGOVERNMENT REVENUES,
101-539-5450.00,PUBLIC SAFETY GRANT,Revenue,INTERGOVERNMENT REVENUES,
101-539-5470.00,TREE INVENTORY GRANT,Revenue,INTERGOVERNMENT REVENUES,
101-539-5480.00,SCHOOL SECURITY AGREEMENT,Revenue,INTERGOVERNMENT REVENUES,
101-539-5730.00,LOCAL COMM STABILIZATION SHARE - PPT,Revenue,INTERGOVERNMENT REVENUES,
101-539-5760.00,CONSTITUTIONAL SALES TAX,Revenue,INTERGOVERNMENT REVENUES,
101-539-5761.00,STATUTORY SALES TAX,Revenue,INTERGOVERNMENT REVENUES,
101-539-5770.00,LIQUOR TAX,Revenue,INTERGOVERNMENT REVENUES,
101-539-5790.00,SINGLE BUSINESS TAX,Revenue,INTERGOVERNMENT REVENUES,
Department 600: CHARGES FOR CURRENT SERVICES,,,,
101-600-6090.00,CLERK'S SERVICES,Revenue,CHARGES FOR CURRENT SERVICES,
101-600-6160.00,ADMIN. CHARGES TO W&S FUND,Revenue,CHARGES FOR CURRENT SERVICES,
101-600-6165.00,ADMIN CHARGES TO STREET FUNDS,Revenue,CHARGES FOR CURRENT SERVICES,
101-600-6170.00,CATV SUBSCRIBER REVENUE,Revenue,CHARGES FOR CURRENT SERVICES,
101-600-6200.00,RIGHT-OF-WAY FEES,Revenue,CHARGES FOR CURRENT SERVICES,
101-600-6290.00,RENTAL INSPECTION FEES,Revenue,CHARGES FOR CURRENT SERVICES,
101-600-6540.00,MISCELLANEOUS REVENUE,Revenue,CHARGES FOR CURRENT SERVICES,
101-600-6763.00,REIMBURSEMENT INSURANCE CLAIMS,Revenue,CHARGES FOR CURRENT SERVICES,
Department 601: RECREATION REVENUE,,,,
101-601-6110.00,RECREATION PROGRAMMING FEES,Revenue,RECREATION REVENUE,
101-601-6111.00,AQUATIC CLUB POOL RENTAL FEES,Revenue,RECREATION REVENUE,
101-601-6112.00,POOL PROGRAM FEES,Revenue,RECREATION REVENUE,
101-601-6113.00,REC SPORTS FEES,Revenue,RECREATION REVENUE,
101-601-6180.00,SPECIAL EVENTS FEES,Revenue,RECREATION REVENUE,
101-601-6250.00,GROUNDS MAINTENANCE,Revenue,RECREATION REVENUE,
101-601-6260.00,MIDDLE SCHOOL SPORTS,Revenue,RECREATION REVENUE,
101-601-6300.00,SCHOLARSHIP DONATIONS,Revenue,RECREATION REVENUE,
101-601-6540.00,MISCELLANEOUS REVENUE,Revenue,RECREATION REVENUE,
Department 621: LAKE TREATMENT,,,,
101-621-8010.00,CONTRACTUAL SERVICES,Expenditure,LAKE TREATMENT,
101-621-8010.10,LAKE SAMPLING/TREATMENT,Expenditure,LAKE TREATMENT,
101-621-8010.11,GOOSE ROUNDUP,Expenditure,LAKE TREATMENT,
101-621-9701.00,SMALL CAPITAL,Expenditure,LAKE TREATMENT,
Department 655: FINES AND FORFEITS,,,,
101-655-6560.00,POLICE AND COURT FEES,Revenue,FINES AND FORFEITS,
101-655-6560.01,PARKING TICKETS,Revenue,FINES AND FORFEITS,
101-655-6580.00,DRUNK DRIVING (OUIL) CHARGES,Revenue,FINES AND FORFEITS,
101-655-6580.01,OUIL VEHICLE FORFEITURE PROCEEDS,Revenue,FINES AND FORFEITS,
Department 671: OTHER REVENUE,,,,
101-671-6730.00,SALE OF CAPITAL ASSETS,Revenue,OTHER REVENUE,
101-671-6740.00,"DRUG SEIZURE PROCEEDS-CCCA,84",Revenue,OTHER REVENUE,
101-671-6750.00,CONTRIB FROM PRIVATE SOURCES,Revenue,OTHER REVENUE,
101-671-6771.00,SMALL CELL 5G PERMITS,Revenue,OTHER REVENUE,
101-671-6910.00,CABLE COMMUNITY ACCESS EQUIP,Revenue,OTHER REVENUE,
101-671-6931.00,CABLE TOWER RENTAL,Revenue,OTHER REVENUE,
Department 672: LIBRARY REVENUE,,,,
101-672-6800.00,KENT DISTRICT LIBRARY-BLDGS.,Revenue,LIBRARY REVENUE,
Department 695: OTHER FINANCING SOURCES,,,,
101-695-6980.00,PROCEEDS FROM BONDS REFUNDING,Revenue,OTHER FINANCING SOURCES,
101-695-6981.00,PROCEEDS FROM IPA/CAPITAL LEASE,Revenue,OTHER FINANCING SOURCES,
Department 751: RECREATION,,,,
101-751-7060.00,SALARIES & WAGES - PERMANENT,Expenditure,RECREATION,
101-751-7070.00,SALARIES & WAGES - PART-TIME/TEMP,Expenditure,RECREATION,
101-751-7090.00,SALARIES & WAGES - OVERTIME,Expenditure,RECREATION,
101-751-7150.00,EMPLOYER SOCIAL SECURITY,Expenditure,RECREATION,
101-751-7160.00,WORKERS' COMPENSATION INS,Expenditure,RECREATION,
101-751-7170.00,HEALTH CARE,Expenditure,RECREATION,
101-751-7180.00,LIFE/LTD ,Expenditure,RECREATION,
101-751-7190.00,PENSION,Expenditure,RECREATION,
101-751-7400.00,OPERATING SUPPLIES,Expenditure,RECREATION,
101-751-8010.00,CONTRACTUAL SERVICES,Expenditure,RECREATION,
101-751-8360.00,R-HSA EXPENDITURE,Expenditure,CITY ENGINEERING,
101-751-9300.00,REPAIRS & MAINTENANCE,Expenditure,RECREATION,
101-751-9470.00,AUTO EXPENSE,Expenditure,RECREATION,
101-751-9550.00,MISCELLANEOUS EXPENSE,Expenditure,RECREATION,
101-751-9560.00,DUES & SUBSCRIPTIONS,Expenditure,RECREATION,
101-751-9570.00,PROFESSIONAL DEVELOPMENT,Expenditure,RECREATION,
101-751-9640.00,BANK SERVICE FEES,Expenditure,RECREATION,
101-751-9700.00,CAPITAL EXPENDITURES,Expenditure,RECREATION,
101-751-9701.00,SMALL CAPITAL,Expenditure,RECREATION,
101-751-9760.00,CAPITAL EXP - JOINT FACILITIES,Expenditure,RECREATION,
Department 756: POOL PROGRAMS,,,,
101-756-7070.00,SALARIES & WAGES - PART-TIME/TEMP,Expenditure,POOL PROGRAMS,
101-756-7150.00,EMPLOYER SOCIAL SECURITY,Expenditure,POOL PROGRAMS,
101-756-7160.00,WORKERS' COMPENSATION INS,Expenditure,POOL PROGRAMS,
101-756-7400.00,OPERATING SUPPLIES,Expenditure,POOL PROGRAMS,
101-756-8010.00,CONTRACTUAL SERVICES,Expenditure,POOL PROGRAMS,
101-756-8090.00,JOINT FACILITIES AGREEMENT,Expenditure,POOL PROGRAMS,
101-756-9210.00,GAS SERVICE,Expenditure,POOL PROGRAMS,
101-756-9230.00,WATER SERVICE,Expenditure,POOL PROGRAMS,
101-756-9701.00,SMALL CAPITAL,Expenditure,POOL PROGRAMS,
Department 771: TREE MAINTENANCE AND REMOVAL,,,,
101-771-7060.00,SALARIES & WAGES - PERMANENT,Expenditure,TREE MAINTENANCE AND REMOVAL,
101-771-7070.00,SALARIES & WAGES - PART-TIME/TEMP,Expenditure,TREE MAINTENANCE AND REMOVAL,
101-771-7090.00,SALARIES & WAGES - OVERTIME,Expenditure,TREE MAINTENANCE AND REMOVAL,
101-771-7150.00,EMPLOYER SOCIAL SECURITY,Expenditure,TREE MAINTENANCE AND REMOVAL,
101-771-7160.00,WORKERS' COMPENSATION INS,Expenditure,TREE MAINTENANCE AND REMOVAL,
101-771-7170.00,HEALTH CARE,Expenditure,TREE MAINTENANCE AND REMOVAL,
101-771-7180.00,LIFE/LTD ,Expenditure,TREE MAINTENANCE AND REMOVAL,
101-771-7190.00,PENSION,Expenditure,TREE MAINTENANCE AND REMOVAL,
101-771-7400.00,OPERATING SUPPLIES,Expenditure,TREE MAINTENANCE AND REMOVAL,
101-771-8010.00,CONTRACTUAL SERVICES,Expenditure,TREE MAINTENANCE AND REMOVAL,
101-771-8010.46,TREE INVENTORY,Expenditure,TREE MAINTENANCE AND REMOVAL,
101-771-8060.00,TREE TRIMMING & REMOVAL,Expenditure,TREE MAINTENANCE AND REMOVAL,
101-771-9470.00,AUTO EXPENSE,Expenditure,TREE MAINTENANCE AND REMOVAL,
101-771-9700.00,CAPITAL EXPENDITURES,Expenditure,TREE MAINTENANCE AND REMOVAL,
101-771-9701.00,SMALL CAPITAL,Expenditure,TREE MAINTENANCE AND REMOVAL,
Department 775: SPECIAL EVENTS,,,,
101-775-7070.00,SALARIES & WAGES - PART-TIME/TEMP,Expenditure,SPECIAL EVENTS,
101-775-7080.00,CONTRACTUAL WAGES,Expenditure,SPECIAL EVENTS,
101-775-7090.00,SALARIES & WAGES - OVERTIME,Expenditure,SPECIAL EVENTS,
101-775-7150.00,EMPLOYER SOCIAL SECURITY,Expenditure,SPECIAL EVENTS,
101-775-7160.00,WORKERS' COMPENSATION INS,Expenditure,SPECIAL EVENTS,
101-775-7170.00,HEALTH CARE,Expenditure,SPECIAL EVENTS,
101-775-7180.00,LIFE/LTD ,Expenditure,SPECIAL EVENTS,
101-775-7190.00,PENSION,Expenditure,SPECIAL EVENTS,
101-775-7400.00,OPERATING SUPPLIES,Expenditure,SPECIAL EVENTS,
101-775-8010.00,CONTRACTUAL SERVICES,Expenditure,SPECIAL EVENTS,
101-775-8800.00,COMMUNITY PROMOTION,Expenditure,SPECIAL EVENTS,
101-775-9701.00,SMALL CAPITAL,Expenditure,SPECIAL EVENTS,
Department 777: RECREATION PROGRAMMING,,,,
101-777-7070.00,SALARIES & WAGES - PART-TIME/TEMP,Expenditure,RECREATION PROGRAMMING,
101-777-7090.00,SALARIES & WAGES - OVERTIME,Expenditure,RECREATION PROGRAMMING,
101-777-7150.00,EMPLOYER SOCIAL SECURITY,Expenditure,RECREATION PROGRAMMING,
101-777-7160.00,WORKERS' COMPENSATION INS,Expenditure,RECREATION PROGRAMMING,
101-777-7400.00,OPERATING SUPPLIES,Expenditure,RECREATION PROGRAMMING,
101-777-8010.00,CONTRACTUAL SERVICES,Expenditure,RECREATION PROGRAMMING,
101-777-9701.00,SMALL CAPITAL,Expenditure,RECREATION PROGRAMMING,
Department 778: GROUNDS MAINTENANCE,,,,
101-778-7060.00,SALARIES & WAGES - PERMANENT,Expenditure,GROUNDS MAINTENANCE,
101-778-7070.00,SALARIES & WAGES - PART-TIME/TEMP,Expenditure,GROUNDS MAINTENANCE,
101-778-7090.00,SALARIES & WAGES - OVERTIME,Expenditure,GROUNDS MAINTENANCE,
101-778-7150.00,EMPLOYER SOCIAL SECURITY,Expenditure,GROUNDS MAINTENANCE,
101-778-7160.00,WORKERS' COMPENSATION INS,Expenditure,GROUNDS MAINTENANCE,
101-778-7170.00,HEALTH CARE,Expenditure,GROUNDS MAINTENANCE,
101-778-7180.00,LIFE/LTD ,Expenditure,GROUNDS MAINTENANCE,
101-778-7190.00,PENSION,Expenditure,GROUNDS MAINTENANCE,
101-778-7400.00,OPERATING SUPPLIES,Expenditure,GROUNDS MAINTENANCE,
101-778-8010.00,CONTRACTUAL SERVICES,Expenditure,GROUNDS MAINTENANCE,
101-778-8080.00,GROUNDS MAINTENANCE,Expenditure,GROUNDS MAINTENANCE,
101-778-9300.00,REPAIRS & MAINTENANCE,Expenditure,GROUNDS MAINTENANCE,
101-778-9470.00,AUTO EXPENSE,Expenditure,GROUNDS MAINTENANCE,
101-778-9560.00,DUES & SUBSCRIPTIONS,Expenditure,GROUNDS MAINTENANCE,
101-778-9570.00,PROFESSIONAL DEVELOPMENT,Expenditure,GROUNDS MAINTENANCE,
101-778-9700.00,CAPITAL EXPENDITURES,Expenditure,GROUNDS MAINTENANCE,
101-778-9701.00,SMALL CAPITAL,Expenditure,GROUNDS MAINTENANCE,
Department 779: RECREATION SPORTS,,,,
101-779-7070.00,SALARIES & WAGES - PART-TIME/TEMP,Expenditure,RECREATION SPORTS,
101-779-7080.00,CONTRACTUAL WAGES,Expenditure,RECREATION SPORTS,
101-779-7090.00,SALARIES & WAGES - OVERTIME,Expenditure,RECREATION SPORTS,
101-779-7150.00,EMPLOYER SOCIAL SECURITY,Expenditure,RECREATION SPORTS,
101-779-7160.00,WORKERS' COMPENSATION INS,Expenditure,RECREATION SPORTS,
101-779-7180.00,LIFE/LTD ,Expenditure,RECREATION SPORTS,
101-779-7400.00,OPERATING SUPPLIES,Expenditure,RECREATION SPORTS,
101-779-8010.00,CONTRACTUAL SERVICES,Expenditure,RECREATION SPORTS,
101-779-9701.00,SMALL CAPITAL,Expenditure,RECREATION SPORTS,
Department 781: MIDDLE SCHOOL SPORTS,,,,
101-781-7070.00,SALARIES & WAGES - PART-TIME/TEMP,Expenditure,MIDDLE SCHOOL SPORTS,
101-781-7080.00,CONTRACTUAL WAGES,Expenditure,MIDDLE SCHOOL SPORTS,
101-781-7090.00,SALARIES & WAGES - OVERTIME,Expenditure,MIDDLE SCHOOL SPORTS,
101-781-7150.00,EMPLOYER SOCIAL SECURITY,Expenditure,MIDDLE SCHOOL SPORTS,
101-781-7160.00,WORKERS' COMPENSATION INS,Expenditure,MIDDLE SCHOOL SPORTS,
101-781-7400.00,OPERATING SUPPLIES,Expenditure,MIDDLE SCHOOL SPORTS,
101-781-8010.00,CONTRACTUAL SERVICES,Expenditure,MIDDLE SCHOOL SPORTS,
101-781-9701.00,SMALL CAPITAL,Expenditure,MIDDLE SCHOOL SPORTS,
Department 783: AQUATIC CLUB (WAVES),,,,
101-783-7070.00,SALARIES & WAGES - PART-TIME/TEMP,Expenditure,AQUATIC CLUB (WAVES),
101-783-7150.00,EMPLOYER SOCIAL SECURITY,Expenditure,AQUATIC CLUB (WAVES),
101-783-7160.00,WORKERS' COMPENSATION INS,Expenditure,AQUATIC CLUB (WAVES),
101-783-7400.00,OPERATING SUPPLIES,Expenditure,AQUATIC CLUB (WAVES),
101-783-8010.00,CONTRACTUAL SERVICES,Expenditure,AQUATIC CLUB (WAVES),
101-783-8090.00,JOINT FACILITIES AGREEMENT,Expenditure,AQUATIC CLUB (WAVES),
101-783-9210.00,GAS SERVICE,Expenditure,AQUATIC CLUB (WAVES),
101-783-9230.00,WATER SERVICE,Expenditure,AQUATIC CLUB (WAVES),
101-783-9701.00,SMALL CAPITAL,Expenditure,AQUATIC CLUB (WAVES),
Department 875: GENERAL ADMINISTRATION,,,,
101-875-7140.00,FRINGE BENEFITS,Expenditure,GENERAL ADMINISTRATION,
101-875-7190.01,DB PENSION,Expenditure,GENERAL ADMINISTRATION,
101-875-8010.00,CONTRACTUAL SERVICES,Expenditure,GENERAL ADMINISTRATION,
101-875-8010.55,BROWNFIELD REDEV AUTH EXP,Expenditure,GENERAL ADMINISTRATION,
101-875-8012.00,REGIS,Expenditure,GENERAL ADMINISTRATION,
101-875-8100.00,INSURANCE PREMIUMS,Expenditure,GENERAL ADMINISTRATION,
101-875-8140.00,PUBLIC LIABILITY CLAIMS,Expenditure,GENERAL ADMINISTRATION,
101-875-8160.00,CABLE COMMUNITY ACCESS EQUIP,Expenditure,GENERAL ADMINISTRATION,
101-875-9300.00,INSURANCE CLAIMS,Expenditure,GENERAL ADMINISTRATION,
101-875-9420.00,DEBT SERVICE PAYMENTS ON IPA,Expenditure,GENERAL ADMINISTRATION,
101-875-9700.00,CAPITAL EXPENDITURES,Expenditure,GENERAL ADMINISTRATION,
101-875-9700.34,A/V EQUIPMENT FUND,Expenditure,GENERAL ADMINISTRATION,
101-875-9701.00,SMALL CAPITAL,Expenditure,GENERAL ADMINISTRATION,
Department 930: TRANSFERS IN,,,,
101-930-6900.08,TRANSFER FROM ARPA,Revenue,TRANSFERS IN,
101-930-6900.11,TRANS FROM MUNICIPAL STREET FUND,Revenue,TRANSFERS IN,
101-930-6900.13,TRANSFER TO PUBLIC SAFETY FUND,Revenue,TRANSFERS IN,
101-930-6900.93,TRANSFER FROM WEALTH POOL DEBT,Revenue,TRANSFERS IN,
Department 965: TRANSFERS OUT,,,,
101-965-9820.00,TRANSFER TO WATER/SEWER FUND,Expenditure,TRANSFERS OUT,
101-965-9950.02,TRANS TO MAJOR STREET FUND,Expenditure,TRANSFERS OUT,
101-965-9950.03,TRANS TO LOCAL STREET FUND,Expenditure,TRANSFERS OUT,
101-965-9950.05,TRANS TO MERF FUND,Expenditure,TRANSFERS OUT,
101-965-9950.10,TRANS TO OTHER FUNDS,Expenditure,TRANSFERS OUT,
101-965-9950.11,TRANS TO MUNICIPAL STREET FUND,Expenditure,TRANSFERS OUT,
101-965-9950.12,TRANSFER TO PENSION FUND,Expenditure,TRANSFERS OUT,
101-965-9950.13,TRANSFER TO PUBLIC SAFETY FUND,Expenditure,TRANSFERS OUT,
101-965-9950.94,TRANS TO HEALTH CARE FUND,Expenditure,TRANSFERS OUT,
101-965-9950.98,TRANS TO CAPITAL PROJ FUND,Expenditure,TRANSFERS OUT,
Department 000: ,,,,
202-000-0015.00,CASH IN BANK - FIFTH THIRD,Cash,,
202-000-0020.00,DEBIT CARD ACCOUNT,Cash,,
202-000-0171.00,KENT COUNTY INVESTMENT POOL,Investments,,
202-000-0240.00,ACCRUED INTEREST ON INVESTMENT,Accounts Receivable,,
202-000-0780.00,DUE FROM STATE,Accounts Receivable,,
202-000-0950.00,MISC ACCOUNTS RECEIVABLE,Accounts Receivable,,
202-000-1080.00,INVENTORY - SALT,Other Assets,,
202-000-1230.00,PREPAID EXPENSES,Other Assets,,
202-000-1580.00,WORK IN PROGRESS,Fixed Assets,,
202-000-2020.00,ACCOUNTS PAYABLE,Accounts Payable,,
202-000-2140.00,DUE TO OTHER FUNDS,Due To Other Funds,,
202-000-2570.00,ACCRUED PAYROLL PAYABLE,Liabilities-ST,,
202-000-3750.00,RESTRICTED FUND BALANCE,Restricted,,
202-000-5390.01,MONIES RECEIVED FROM STATE,Revenue,,
202-000-5390.02,OTHER STATE DISTRIBUTIONS,Revenue,,
202-000-5800.00,MONIES RECEIVED FROM CITY OF GR,Revenue,,
202-000-6540.00,MISCELLANEOUS REVENUE,Revenue,,
202-000-6650.00,INTEREST ON INVESTMENTS,Revenue,,
Department 447: CITY ENGINEERING,,,,
202-447-7060.00,SALARIES & WAGES - PERMANENT,Expenditure,CITY ENGINEERING,
202-447-7090.00,SALARIES & WAGES - OVERTIME,Expenditure,CITY ENGINEERING,
202-447-7150.00,EMPLOYER SOCIAL SECURITY,Expenditure,CITY ENGINEERING,
202-447-7160.00,WORKERS' COMPENSATION INS,Expenditure,CITY ENGINEERING,
202-447-7170.00,HEALTH CARE,Expenditure,CITY ENGINEERING,
202-447-7180.00,LIFE/LTD ,Expenditure,CITY ENGINEERING,
202-447-7190.00,PENSION,Expenditure,CITY ENGINEERING,
202-447-7400.00,OPERATING SUPPLIES,Expenditure,CITY ENGINEERING,
202-447-8010.00,CONTRACTUAL SERVICES,Expenditure,CITY ENGINEERING,
202-447-8360.00,R-HSA EXPENDITURE,Expenditure,CITY ENGINEERING,
202-447-9470.00,AUTO EXPENSE,Expenditure,CITY ENGINEERING,
202-447-9550.00,MISCELLANEOUS EXPENSE,Expenditure,CITY ENGINEERING,
202-447-9570.00,PROFESSIONAL DEVELOPMENT,Expenditure,CITY ENGINEERING,
202-447-9700.00,CAPITAL EXPENDITURES,Expenditure,CITY ENGINEERING,
Department 451: STREET CONSTRUCTION,,,,
202-451-9700.36,LEAD SERVICE LINE (LSL),Expenditure,STREET CONSTRUCTION,
202-451-9730.00,STREET CONSTRUCTION EXPENSE,Expenditure,STREET CONSTRUCTION,
202-451-9730.21,HALL STREET (WILSHIRE TO PLYMOUTH),Expenditure,STREET CONSTRUCTION,
202-451-9730.22,HALL ST (LAKE TO WILSHIRE),Expenditure,STREET CONSTRUCTION,
Department 463: ROUTINE MAINTENANCE,,,,
202-463-7060.00,SALARIES & WAGES - PERMANENT,Expenditure,ROUTINE MAINTENANCE,
202-463-7070.00,SALARIES & WAGES - PART-TIME/TEMP,Expenditure,ROUTINE MAINTENANCE,
202-463-7090.00,SALARIES & WAGES - OVERTIME,Expenditure,ROUTINE MAINTENANCE,
202-463-7150.00,EMPLOYER SOCIAL SECURITY,Expenditure,ROUTINE MAINTENANCE,
202-463-7160.00,WORKERS' COMPENSATION INS,Expenditure,ROUTINE MAINTENANCE,
202-463-7170.00,HEALTH CARE,Expenditure,ROUTINE MAINTENANCE,
202-463-7180.00,LIFE/LTD ,Expenditure,ROUTINE MAINTENANCE,
202-463-7190.00,PENSION,Expenditure,ROUTINE MAINTENANCE,
202-463-7400.11,EMPLOYEE SAFETY GEAR,Expenditure,ROUTINE MAINTENANCE,
202-463-7400.12,ASPHALT,Expenditure,ROUTINE MAINTENANCE,
202-463-7400.13,CEMENT,Expenditure,ROUTINE MAINTENANCE,
202-463-7400.27,MISC MATERIALS AND TOOLS,Expenditure,ROUTINE MAINTENANCE,
202-463-7400.29,SPRAY PATCH/STONE/EMULSION,Expenditure,ROUTINE MAINTENANCE,
202-463-7400.30,"ASPHALT OVERLAY, MASTIC & CRACK SEAL",Expenditure,ROUTINE MAINTENANCE,
202-463-8010.00,CONTRACTUAL SERVICES,Expenditure,ROUTINE MAINTENANCE,
202-463-8010.02,UNIFORMS,Expenditure,ROUTINE MAINTENANCE,
202-463-8010.43,STORM SEWER,Expenditure,ROUTINE MAINTENANCE,
202-463-8010.50,DPW CRACK SEAL,Expenditure,ROUTINE MAINTENANCE,
202-463-8010.51,CONTRACTUAL ENGINEERING,Expenditure,ROUTINE MAINTENANCE,
202-463-8200.00,STORM WATER PERMITS,Expenditure,ROUTINE MAINTENANCE,
202-463-9300.00,REPAIRS & MAINTENANCE,Expenditure,ROUTINE MAINTENANCE,
202-463-9470.00,AUTO EXPENSE,Expenditure,ROUTINE MAINTENANCE,
202-463-9700.00,CAPITAL EXPENDITURES,Expenditure,ROUTINE MAINTENANCE,
202-463-9700.07,MANHOLE CASTING REPLACEMENT/REHAB,Expenditure,ROUTINE MAINTENANCE,
202-463-9701.00,SMALL CAPITAL,Expenditure,ROUTINE MAINTENANCE,
Department 474: TRAFFIC SERVICES,,,,
202-474-7060.00,SALARIES & WAGES - PERMANENT,Expenditure,TRAFFIC SERVICES,
202-474-7070.00,SALARIES & WAGES - PART-TIME/TEMP,Expenditure,TRAFFIC SERVICES,
202-474-7090.00,SALARIES & WAGES - OVERTIME,Expenditure,TRAFFIC SERVICES,
202-474-7150.00,EMPLOYER SOCIAL SECURITY,Expenditure,TRAFFIC SERVICES,
202-474-7160.00,WORKERS' COMPENSATION INS,Expenditure,TRAFFIC SERVICES,
202-474-7170.00,HEALTH CARE,Expenditure,TRAFFIC SERVICES,
202-474-7180.00,LIFE/LTD ,Expenditure,TRAFFIC SERVICES,
202-474-7190.00,PENSION,Expenditure,TRAFFIC SERVICES,
202-474-7400.00,OPERATING SUPPLIES,Expenditure,TRAFFIC SERVICES,
202-474-7400.14,"SIGNS, POSTS, BARRICADES",Expenditure,TRAFFIC SERVICES,
202-474-7400.15,ROAD PAINT-CURB/STRIPING,Expenditure,TRAFFIC SERVICES,
202-474-8010.12,"GR, KENT CNTY, CONSUMERS, SIGNALS",Expenditure,TRAFFIC SERVICES,
202-474-8010.13,PAVEMENT MARKINGS,Expenditure,TRAFFIC SERVICES,
202-474-8010.39,TRAFFIC STUDY,Expenditure,TRAFFIC SERVICES,
202-474-9470.00,AUTO EXPENSE,Expenditure,TRAFFIC SERVICES,
202-474-9700.00,CAPITAL EXPENDITURES,Expenditure,TRAFFIC SERVICES,
202-474-9700.08,LAKE & HALL TRAFFIC SIGNAL MOD,Expenditure,TRAFFIC SERVICES,
202-474-9701.00,SMALL CAPITAL,Expenditure,TRAFFIC SERVICES,
Department 478: WINTER MAINTENANCE,,,,
202-478-7040.00,ON-CALL PAY,Expenditure,WINTER MAINTENANCE,
202-478-7060.00,SALARIES & WAGES - PERMANENT,Expenditure,WINTER MAINTENANCE,
202-478-7070.00,SALARIES & WAGES - PART-TIME/TEMP,Expenditure,WINTER MAINTENANCE,
202-478-7090.00,SALARIES & WAGES - OVERTIME,Expenditure,WINTER MAINTENANCE,
202-478-7150.00,EMPLOYER SOCIAL SECURITY,Expenditure,WINTER MAINTENANCE,
202-478-7160.00,WORKERS' COMPENSATION INS,Expenditure,WINTER MAINTENANCE,
202-478-7170.00,HEALTH CARE,Expenditure,WINTER MAINTENANCE,
202-478-7180.00,LIFE/LTD ,Expenditure,WINTER MAINTENANCE,
202-478-7190.00,PENSION,Expenditure,WINTER MAINTENANCE,
202-478-7400.16,ROAD SALT,Expenditure,WINTER MAINTENANCE,
202-478-7400.17,UNDERBODY & PLOW BLADES,Expenditure,WINTER MAINTENANCE,
202-478-7400.21,DIRT,Expenditure,WINTER MAINTENANCE,
202-478-7400.28,MISC PARTS/SUPPLIES,Expenditure,WINTER MAINTENANCE,
202-478-9470.00,AUTO EXPENSE,Expenditure,WINTER MAINTENANCE,
202-478-9700.00,CAPITAL EXPENDITURES,Expenditure,WINTER MAINTENANCE,
202-478-9701.00,SMALL CAPITAL,Expenditure,WINTER MAINTENANCE,
Department 483: STREET ADMINISTRATION,,,,
202-483-7060.00,SALARIES & WAGES - PERMANENT,Expenditure,STREET ADMINISTRATION,
202-483-7090.00,SALARIES & WAGES - OVERTIME,Expenditure,STREET ADMINISTRATION,
202-483-7150.00,EMPLOYER SOCIAL SECURITY,Expenditure,STREET ADMINISTRATION,
202-483-7160.00,WORKERS' COMPENSATION INS,Expenditure,STREET ADMINISTRATION,
202-483-7170.00,HEALTH CARE,Expenditure,STREET ADMINISTRATION,
202-483-7180.00,LIFE/LTD ,Expenditure,STREET ADMINISTRATION,
202-483-7190.00,PENSION,Expenditure,STREET ADMINISTRATION,
202-483-8070.00,GENERAL FUND FEES,Expenditure,STREET ADMINISTRATION,
202-483-8360.00,R-HSA EXPENDITURE,Expenditure,STREET ADMINISTRATION,
202-483-9470.00,AUTO EXPENSE,Expenditure,STREET ADMINISTRATION,
202-483-9550.16,ADVERTISING,Expenditure,STREET ADMINISTRATION,
202-483-9560.00,DUES & SUBSCRIPTIONS,Expenditure,STREET ADMINISTRATION,
202-483-9570.00,PROFESSIONAL DEVELOPMENT,Expenditure,STREET ADMINISTRATION,
Department 783: AQUATIC CLUB (WAVES),,,,
202-783-7180.00,LIFE/LTD ,Expenditure,AQUATIC CLUB (WAVES),
Department 930: TRANSFERS IN,,,,
202-930-6900.01,TRANS FROM GENERAL FUND,Revenue,TRANSFERS IN,
202-930-6900.04,TRANS FROM WATER/SEWER FUND,Revenue,TRANSFERS IN,
202-930-6900.06,TRANS FROM WATER & SEWER,Revenue,TRANSFERS IN,
202-930-6900.11,TRANS FROM MUNICIPAL STREET FUND,Revenue,TRANSFERS IN,
202-930-6900.98,TRANS FROM CAPITAL PROJ FUNDS,Revenue,TRANSFERS IN,
Department 965: TRANSFERS OUT,,,,
202-965-9950.03,TRANS TO LOCAL STREET FUND,Expenditure,TRANSFERS OUT,
202-965-9950.08,TRANS TO DEBT SERVICE FUND,Expenditure,TRANSFERS OUT,
202-965-9950.94,TRANS TO HEALTH CARE FUND,Expenditure,TRANSFERS OUT,
Department 000: ,,,,
203-000-0015.00,CASH IN BANK - FIFTH THIRD,Cash,,
203-000-0020.00,DEBIT CARD ACCOUNT,Cash,,
203-000-0171.00,KENT COUNTY INVESTMENT POOL,Investments,,
203-000-0240.00,ACCRUED INTEREST ON INVESTMENT,Accounts Receivable,,
203-000-0590.00,GRANTS/DONATIONS RECEIVABLE,Accounts Receivable,,
203-000-0780.00,DUE FROM STATE,Accounts Receivable,,
203-000-0950.00,MISC ACCOUNTS RECEIVABLE,Accounts Receivable,,
203-000-0980.00,SIDEWALK REPAIRS RECEIVABLE,Accounts Receivable,,
203-000-1080.00,INVENTORY - SALT,Other Assets,,
203-000-1230.00,PREPAID EXPENSES,Other Assets,,
203-000-1580.00,WORK IN PROGRESS,Fixed Assets,,
203-000-2020.00,ACCOUNTS PAYABLE,Accounts Payable,,
203-000-2140.00,DUE TO OTHER FUNDS,Due To Other Funds,,
203-000-2570.00,ACCRUED PAYROLL PAYABLE,Liabilities-ST,,
203-000-3750.00,RESTRICTED FUND BALANCE,Restricted,,
203-000-4020.00,TAX REVENUE-CITY OF EGR,Revenue,,
203-000-5010.00,FEDERAL REVENUE,Revenue,,
203-000-5390.01,MONIES RECEIVED FROM STATE,Revenue,,
203-000-5390.02,OTHER STATE DISTRIBUTIONS,Revenue,,
203-000-5390.03,OTHER STATE GRANTS,Revenue,,
203-000-6540.00,MISCELLANEOUS REVENUE,Revenue,,
203-000-6650.00,INTEREST ON INVESTMENTS,Revenue,,
Department 447: CITY ENGINEERING,,,,
203-447-7060.00,SALARIES & WAGES - PERMANENT,Expenditure,CITY ENGINEERING,
203-447-7070.00,SALARIES & WAGES - PART-TIME/TEMP,Expenditure,CITY ENGINEERING,
203-447-7090.00,SALARIES & WAGES - OVERTIME,Expenditure,CITY ENGINEERING,
203-447-7150.00,EMPLOYER SOCIAL SECURITY,Expenditure,CITY ENGINEERING,
203-447-7160.00,WORKERS' COMPENSATION INS,Expenditure,CITY ENGINEERING,
203-447-7170.00,HEALTH CARE,Expenditure,CITY ENGINEERING,
203-447-7180.00,LIFE/LTD ,Expenditure,CITY ENGINEERING,
203-447-7190.00,PENSION,Expenditure,CITY ENGINEERING,
203-447-7400.00,OPERATING SUPPLIES,Expenditure,CITY ENGINEERING,
203-447-8010.00,CONTRACTUAL SERVICES,Expenditure,CITY ENGINEERING,
203-447-8360.00,R-HSA EXPENDITURE,Expenditure,CITY ENGINEERING,
203-447-9470.00,AUTO EXPENSE,Expenditure,CITY ENGINEERING,
203-447-9550.00,MISCELLANEOUS EXPENSE,Expenditure,CITY ENGINEERING,
203-447-9570.00,PROFESSIONAL DEVELOPMENT,Expenditure,CITY ENGINEERING,
203-447-9700.00,CAPITAL EXPENDITURES,Expenditure,CITY ENGINEERING,
Department 451: STREET CONSTRUCTION,,,,
203-451-9730.00,STREET CONSTRUCTION EXPENSE,Expenditure,STREET CONSTRUCTION,
203-451-9730.02,OTHER STREET EXPENDITURES,Expenditure,STREET CONSTRUCTION,
Department 463: ROUTINE MAINTENANCE,,,,
203-463-7060.00,SALARIES & WAGES - PERMANENT,Expenditure,ROUTINE MAINTENANCE,
203-463-7070.00,SALARIES & WAGES - PART-TIME/TEMP,Expenditure,ROUTINE MAINTENANCE,
203-463-7090.00,SALARIES & WAGES - OVERTIME,Expenditure,ROUTINE MAINTENANCE,
203-463-7150.00,EMPLOYER SOCIAL SECURITY,Expenditure,ROUTINE MAINTENANCE,
203-463-7160.00,WORKERS' COMPENSATION INS,Expenditure,ROUTINE MAINTENANCE,
203-463-7170.00,HEALTH CARE,Expenditure,ROUTINE MAINTENANCE,
203-463-7180.00,LIFE/LTD ,Expenditure,ROUTINE MAINTENANCE,
203-463-7190.00,PENSION,Expenditure,ROUTINE MAINTENANCE,
203-463-7400.00,OPERATING SUPPLIES,Expenditure,ROUTINE MAINTENANCE,
203-463-7400.11,EMPLOYEE SAFETY GEAR,Expenditure,ROUTINE MAINTENANCE,
203-463-7400.12,ASPHALT,Expenditure,ROUTINE MAINTENANCE,
203-463-7400.13,CEMENT,Expenditure,ROUTINE MAINTENANCE,
203-463-7400.27,MISC. MATERIALS AND TOOLS,Expenditure,ROUTINE MAINTENANCE,
203-463-7400.29,SPRAY PATCH/STONE/EMULSION,Expenditure,ROUTINE MAINTENANCE,
203-463-7400.30,"ASPHALT OVERLAY, MASTIC & CRACK SEAL",Expenditure,ROUTINE MAINTENANCE,
203-463-8010.00,CONTRACTUAL SERVICES,Expenditure,ROUTINE MAINTENANCE,
203-463-8010.02,UNIFORMS,Expenditure,ROUTINE MAINTENANCE,
203-463-8010.43,ENGINEERING CONTRACTUAL,Expenditure,ROUTINE MAINTENANCE,
203-463-8010.44,DUST CONTROL - LIQUID CALCIUM CHLORIDE,Expenditure,ROUTINE MAINTENANCE,
203-463-8010.50,DPW CRACK SEAL,Expenditure,ROUTINE MAINTENANCE,
203-463-9350.00,SIDEWALK REPLACEMENT-DPW,Expenditure,ROUTINE MAINTENANCE,
203-463-9470.00,AUTO EXPENSE,Expenditure,ROUTINE MAINTENANCE,
203-463-9700.00,CAPITAL EXPENDITURES,Expenditure,ROUTINE MAINTENANCE,
203-463-9701.00,SMALL CAPITAL EXP,Expenditure,ROUTINE MAINTENANCE,
Department 474: TRAFFIC SERVICES,,,,
203-474-7060.00,SALARIES & WAGES - PERMANENT,Expenditure,TRAFFIC SERVICES,
203-474-7070.00,SALARIES & WAGES - PART-TIME/TEMP,Expenditure,TRAFFIC SERVICES,
203-474-7090.00,SALARIES & WAGES - OVERTIME,Expenditure,TRAFFIC SERVICES,
203-474-7150.00,EMPLOYER SOCIAL SECURITY,Expenditure,TRAFFIC SERVICES,
203-474-7160.00,WORKERS' COMPENSATION INS,Expenditure,TRAFFIC SERVICES,
203-474-7170.00,HEALTH CARE,Expenditure,TRAFFIC SERVICES,
203-474-7180.00,LIFE/LTD ,Expenditure,TRAFFIC SERVICES,
203-474-7190.00,PENSION,Expenditure,TRAFFIC SERVICES,
203-474-7200.00,UNEMPLOYMENT EXPENSE,Expenditure,TRAFFIC SERVICES,
203-474-7400.14,"SIGNS, POSTS, BARRICADES",Expenditure,TRAFFIC SERVICES,
203-474-7400.15,ROAD PAINT-CURB/STRIPING,Expenditure,TRAFFIC SERVICES,
203-474-8010.00,CONTRACTUAL SERVICES,Expenditure,TRAFFIC SERVICES,
203-474-8010.12,"GR, KENT CNTY, CONSUMERS, SIGNALS",Expenditure,TRAFFIC SERVICES,
203-474-8010.13,PAVEMENT MARKINGS,Expenditure,TRAFFIC SERVICES,
203-474-8010.39,TRAFFIC STUDY,Expenditure,TRAFFIC SERVICES,
203-474-9470.00,AUTO EXPENSE,Expenditure,TRAFFIC SERVICES,
203-474-9700.00,CAPITAL EXPENDITURES,Expenditure,TRAFFIC SERVICES,
Department 478: WINTER MAINTENANCE,,,,
203-478-7060.00,SALARIES & WAGES - PERMANENT,Expenditure,WINTER MAINTENANCE,
203-478-7070.00,SALARIES & WAGES - PART-TIME/TEMP,Expenditure,WINTER MAINTENANCE,
203-478-7090.00,SALARIES & WAGES - OVERTIME,Expenditure,WINTER MAINTENANCE,
203-478-7150.00,EMPLOYER SOCIAL SECURITY,Expenditure,WINTER MAINTENANCE,
203-478-7160.00,WORKERS' COMPENSATION INS,Expenditure,WINTER MAINTENANCE,
203-478-7170.00,HEALTH CARE,Expenditure,WINTER MAINTENANCE,
203-478-7180.00,LIFE/LTD ,Expenditure,WINTER MAINTENANCE,
203-478-7190.00,PENSION,Expenditure,WINTER MAINTENANCE,
203-478-7400.00,OPERATING SUPPLIES,Expenditure,WINTER MAINTENANCE,
203-478-7400.16,ROAD SALT,Expenditure,WINTER MAINTENANCE,
203-478-7400.17,UNDERBODY & PLOW BLADES,Expenditure,WINTER MAINTENANCE,
203-478-7400.21,DIRT,Expenditure,WINTER MAINTENANCE,
203-478-7400.28,MISC PARTS/SUPPLIES,Expenditure,WINTER MAINTENANCE,
203-478-8010.00,CONTRACTUAL SERVICES,Expenditure,WINTER MAINTENANCE,
203-478-8140.00,PUBLIC LIABILITY CLAIMS,Expenditure,WINTER MAINTENANCE,
203-478-9470.00,AUTO EXPENSE,Expenditure,WINTER MAINTENANCE,
203-478-9700.00,CAPITAL EXPENDITURES,Expenditure,WINTER MAINTENANCE,
203-478-9701.00,SMALL CAPITAL,Expenditure,WINTER MAINTENANCE,
Department 483: STREET ADMINISTRATION,,,,
203-483-7060.00,SALARIES & WAGES - PERMANENT,Expenditure,STREET ADMINISTRATION,
203-483-7090.00,SALARIES & WAGES - OVERTIME,Expenditure,STREET ADMINISTRATION,
203-483-7150.00,EMPLOYER SOCIAL SECURITY,Expenditure,STREET ADMINISTRATION,
203-483-7160.00,WORKERS' COMPENSATION INS,Expenditure,STREET ADMINISTRATION,
203-483-7170.00,HEALTH CARE,Expenditure,STREET ADMINISTRATION,
203-483-7180.00,LIFE/LTD ,Expenditure,STREET ADMINISTRATION,
203-483-7190.00,PENSION,Expenditure,STREET ADMINISTRATION,
203-483-8070.00,GENERAL FUND FEES,Expenditure,STREET ADMINISTRATION,
203-483-8360.00,R-HSA EXPENDITURE,Expenditure,STREET ADMINISTRATION,
203-483-9470.00,AUTO EXPENSE,Expenditure,STREET ADMINISTRATION,
203-483-9570.00,PROFESSIONAL DEVELOPMENT,Expenditure,STREET ADMINISTRATION,
Department 930: TRANSFERS IN,,,,
203-930-6900.01,TRANS FROM GENERAL FUND,Revenue,TRANSFERS IN,
203-930-6900.02,TRANS FROM MAJOR STREET FUND,Revenue,TRANSFERS IN,
203-930-6900.06,TRANS FROM SPECIAL ASSESSMENT FUND,Revenue,TRANSFERS IN,
203-930-6900.11,TRANS FROM MUNICIPAL STREET FUND,Revenue,TRANSFERS IN,
203-930-6900.89,TRANS FROM GENERAL FUND (**OLD**),Revenue,TRANSFERS IN,
203-930-6900.98,TRANS FROM CAPITAL PROJ FUNDS,Revenue,TRANSFERS IN,
Department 965: TRANSFERS OUT,,,,
203-965-9950.05,TRANS TO MERF FUND,Expenditure,TRANSFERS OUT,
203-965-9950.94,TRANS TO HEALTH CARE FUND,Expenditure,TRANSFERS OUT,
203-965-9950.98,TRANS TO CAPITAL PROJ FUND,Expenditure,TRANSFERS OUT,
Department 000: ,,,,
204-000-0015.00,CASH IN BANK - FIFTH THIRD,Cash,,
204-000-0015.01,CASH IN SAFE- 5/3RD (AWAITING DEPOSIT),Cash,,
204-000-0020.00,DEBIT CARD ACCOUNT,Cash,,
204-000-0171.00,KENT COUNTY INVESTMENT POOL,Investments,,
204-000-0240.00,ACCRUED INTEREST ON INVESTMENT,Accounts Receivable,,
204-000-0950.00,MISC ACCOUNTS RECEIVABLE,Accounts Receivable,,
204-000-1230.00,PREPAID EXPENSES,Other Assets,,
204-000-2020.00,ACCOUNTS PAYABLE,Accounts Payable,,
204-000-3750.00,RESTRICTED FUND BALANCE,Restricted,,
204-000-4020.00,TAX REVENUE-CITY OF EGR,Revenue,,
204-000-4450.00,INTEREST & PENALTIES ON TAXES,Revenue,,
204-000-6540.00,MISCELLANEOUS REVENUE,Revenue,,
204-000-6650.00,INTEREST ON INVESTMENTS,Revenue,,
Department 444: SIDEWALKS,,,,
204-444-9350.02,NEW SIDEWALKS EXP,Expenditure,SIDEWALKS,
204-444-9350.04,SIDEWALK REPAIR PROGRAM,Expenditure,SIDEWALKS,
Department 445: STORM SEWER,,,,
204-445-8010.43,STORM SEWER,Expenditure,STORM SEWER,
204-445-8200.00,STORM WATER PERMITS,Expenditure,STORM SEWER,
204-445-9700.00,CAPITAL EXPENDITURES,Expenditure,STORM SEWER,
Department 448: STREET LIGHTING,,,,
204-448-9700.00,CAPITAL EXPENDITURES,Expenditure,STREET LIGHTING,
Department 451: STREET CONSTRUCTION,,,,
204-451-9730.00,STREET CONSTRUCTION - MAJOR STREETS,Expenditure,STREET CONSTRUCTION,
204-451-9730.01,STREET CONSTRUCTION - LOCAL STREETS,Expenditure,STREET CONSTRUCTION,
204-451-9730.02,OTHER STREET EXPENDITURES,Expenditure,STREET CONSTRUCTION,
204-451-9730.03,GRAVEL ROAD IMPROV-SAD,Expenditure,STREET CONSTRUCTION,
Department 463: ROUTINE MAINTENANCE,,,,
204-463-9700.00,CAPITAL EXPENDITURES,Expenditure,ROUTINE MAINTENANCE,
Department 930: TRANSFERS IN,,,,
204-930-6900.01,TRANS FROM GENERAL FUND,Revenue,TRANSFERS IN,
204-930-6900.06,TRANS FROM SPECIAL ASSESSMENT FUND,Revenue,TRANSFERS IN,
204-930-6900.11,TRANS FROM MUNICIPAL STREET FUND,Revenue,TRANSFERS IN,
Department 965: TRANSFERS OUT,,,,
204-965-9950.01,TRANS TO GENERAL FUND,Expenditure,TRANSFERS OUT,
204-965-9950.02,TRANS TO MAJOR STREET FUND,Expenditure,TRANSFERS OUT,
204-965-9950.03,TRANS TO LOCAL STREET FUND,Expenditure,TRANSFERS OUT,
Department 000: ,,,,
205-000-0015.00,CASH IN BANK - FIFTH THIRD,Cash,,
205-000-3390.00,DEFERRED REVENUE,Liabilities-ST,,
205-000-3900.00,UNASSIGNED FUND BALANCE,Unassigned,,
Department 539: INTERGOVERNMENT REVENUES,,,,
205-539-5390.01,MONIES RECEIVED FROM STATE,Revenue,INTERGOVERNMENT REVENUES,
Department 965: TRANSFERS OUT,,,,
205-965-9950.01,TRANS TO GENERAL FUND,Expenditure,TRANSFERS OUT,
Department 000: ,,,,
265-000-0015.00,CASH IN BANK - FIFTH THIRD,Cash,,
265-000-0015.01,CASH IN SAFE- 5/3RD (AWAITING DEPOSIT),Cash,,
265-000-0950.00,MISC ACCOUNTS RECEIVABLE,Accounts Receivable,,
265-000-2020.00,ACCOUNTS PAYABLE,Accounts Payable,,
265-000-3860.00,ASSIGNED FOR PUBLIC SAFETY ACT,Assigned,,
265-000-6650.00,INTEREST ON INVESTMENTS,Revenue,,
265-000-6720.00,DRUG SEIZURE PROCEEDS-CCCA 84,Revenue,,
Department 347: DRUG SEIZURE,,,,
265-347-5390.01,MONIES RECEIVED FROM STATE,Revenue,DRUG SEIZURE,
265-347-7110.00,SAL. & WAGES - PERM. (NO FICA),Expenditure,DRUG SEIZURE,
265-347-7130.00,SAL. & WAGES - OVT (NO FICA),Expenditure,DRUG SEIZURE,
265-347-7180.00,LIFE/LTD ,Expenditure,DRUG SEIZURE,
265-347-7190.00,PENSION,Expenditure,DRUG SEIZURE,
265-347-9700.00,CAPITAL EXPENDITURES,Expenditure,DRUG SEIZURE,
265-347-9701.00,SMALL CAPITAL EXP,Expenditure,DRUG SEIZURE,
Department 930: TRANSFERS IN,,,,
265-930-6900.01,TRANS FROM GENERAL FUND,Revenue,TRANSFERS IN,
Department 000: ,,,,
286-000-0015.00,CASH IN BANK - FIFTH THIRD,Cash,,
286-000-0172.00,MICHIGAN CLASS INVESTMENT POOL,Investments,,
286-000-2140.00,DUE TO OTHER FUNDS,Due To Other Funds,,
286-000-3390.00,DEFERRED REVENUE,Liabilities-ST,,
286-000-3750.00,RESTRICTED FUND BALANCE,Restricted,,
286-000-6650.00,INTEREST ON INVESTMENTS,Revenue,,
286-000-7060.00,SALARIES & WAGES - PERMANENT,Expenditure,,
286-000-7150.00,EMPLOYER SOCIAL SECURITY,Expenditure,,
Department 539: INTERGOVERNMENT REVENUES,,,,
286-539-5010.01,FED REV ARPA,Revenue,INTERGOVERNMENT REVENUES,
Department 875: GENERAL ADMINISTRATION,,,,
286-875-7060.00,SALARIES & WAGES - PERMANENT,Expenditure,GENERAL ADMINISTRATION,
Department 965: TRANSFERS OUT,,,,
286-965-9950.01,TRANS TO GENERAL FUND,Expenditure,TRANSFERS OUT,
286-965-9950.04,TRANS TO WATER/SEWER FUND,Expenditure,TRANSFERS OUT,
286-965-9950.05,TRANS TO MERF FUND,Expenditure,TRANSFERS OUT,
286-965-9950.98,TRANS TO CAPITAL PROJ FUND,Expenditure,TRANSFERS OUT,
Department 000: ,,,,
308-000-0015.00,CASH IN BANK - FIFTH THIRD,Cash,,
308-000-0015.01,CASH IN SAFE- 5/3RD (AWAITING DEPOSIT),Cash,,
308-000-2020.00,ACCOUNTS PAYABLE,Accounts Payable,,
308-000-3750.00,RESTRICTED FUND BALANCE,Restricted,,
308-000-4020.00,TAX REVENUE-CITY OF EGR,Revenue,,
308-000-4450.00,INTEREST & PENALTIES ON TAXES,Revenue,,
Department 905: DEBT SERVICE,,,,
308-905-9910.00,DEBT PRINCIPAL PAYMENTS,Expenditure,DEBT SERVICE,
308-905-9920.00,INTEREST ON NOTES,Expenditure,DEBT SERVICE,
308-905-9930.00,PAYING AGENT FEES,Expenditure,DEBT SERVICE,
Department 930: TRANSFERS IN,,,,
308-930-6905.00,TRANSFER FROM MUNICIPAL COMPLEX,Revenue,TRANSFERS IN,
Department 000: ,,,,
309-000-0015.00,CASH IN BANK - FIFTH THIRD,Cash,,
309-000-0015.01,CASH IN SAFE- 5/3RD (AWAITING DEPOSIT),Cash,,
309-000-2020.00,ACCOUNTS PAYABLE,Accounts Payable,,
309-000-4020.00,TAX REVENUE-CITY OF EGR,Revenue,,
309-000-4450.00,INTEREST & PENALTIES ON TAXES,Revenue,,
Department 905: DEBT SERVICE,,,,
309-905-9910.00,DEBT PRINCIPAL PAYMENTS,Expenditure,DEBT SERVICE,
309-905-9920.00,INTEREST ON NOTES,Expenditure,DEBT SERVICE,
309-905-9930.00,PAYING AGENT FEES,Expenditure,DEBT SERVICE,
Department 000: ,,,,
372-000-0015.00,CASH IN BANK - FIFTH THIRD,Cash,,
372-000-0015.01,CASH IN SAFE- 5/3RD (AWAITING DEPOSIT),Cash,,
372-000-0171.00,KENT COUNTY INVESTMENT POOL,Investments,,
372-000-2020.00,ACCOUNTS PAYABLE,Accounts Payable,,
372-000-3750.00,RESTRICTED FUND BALANCE,Restricted,,
372-000-4020.00,TAX REVENUE-CITY OF EGR,Revenue,,
372-000-4450.00,INTEREST & PENALTIES ON TAXES,Revenue,,
372-000-6650.00,INTEREST ON INVESTMENTS,Revenue,,
372-000-6980.00,PROCEEDS FROM BONDS REFUNDING,Revenue,,
Department 905: DEBT SERVICE,,,,
372-905-9910.00,DEBT PRINCIPAL PAYMENTS,Expenditure,DEBT SERVICE,
372-905-9910.01,PAYMENT TO ESCROW,Expenditure,DEBT SERVICE,
372-905-9920.00,INTEREST ON NOTES,Expenditure,DEBT SERVICE,
372-905-9930.00,PAYING AGENT FEES,Expenditure,DEBT SERVICE,
372-905-9940.00,DEBT ISSUANCE COSTS,Expenditure,DEBT SERVICE,
Department 930: TRANSFERS IN,,,,
372-930-6900.93,TRANSFER FROM WEALTH POOL DEBT,Revenue,TRANSFERS IN,
Department 965: TRANSFERS OUT,,,,
372-965-9950.09,TRANSFER TO PARKS DEBT MILLAGE FUND,Expenditure,TRANSFERS OUT,
Department 000: ,,,,
408-000-0015.00,CASH IN BANK - FIFTH THIRD,Cash,,
408-000-0172.00,MICHIGAN CLASS INVESTMENT POOL,Investments,,
408-000-0950.00,MISC ACCOUNTS RECEIVABLE,Accounts Receivable,,
408-000-2020.00,ACCOUNTS PAYABLE,Accounts Payable,,
408-000-2090.00,ACCRUED EXP LIABILITY,Liabilities-ST,,
408-000-3800.00,COMMITTED FOR TURF REPLACEMENT,Committed,,
408-000-3801.00,COMMITTED FOR PLAYGROUNDS,Committed,,
408-000-3900.00,UNASSIGNED FUND BALANCE,Unassigned,,
408-000-5010.00,FEDERAL REVENUE,Revenue,,
408-000-6650.00,INTEREST ON INVESTMENTS,Revenue,,
408-000-6970.00,PROCEEDS FROM BONDS FUNDING,Revenue,,
Department 671: OTHER REVENUE,,,,
408-671-6750.00,CONTRIB FROM PRIVATE SOURCES,Revenue,OTHER REVENUE,
Department 751: RECREATION,,,,
408-751-8010.00,CONTRACTUAL SERVICES,Expenditure,RECREATION,
408-751-9700.00,CAPITAL EXPENDITURES,Expenditure,RECREATION,
Department 785: PARKS PLAYGROUND PROJECTS,,,,
408-785-7400.00,OPERATING SUPPLIES,Expenditure,PARKS PLAYGROUND PROJECTS,
408-785-8010.00,CONTRACTUAL SERVICES,Expenditure,PARKS PLAYGROUND PROJECTS,
408-785-9700.00,CAPITAL EXPENDITURES,Expenditure,PARKS PLAYGROUND PROJECTS,
408-785-9700.20,EQUIPMENT,Expenditure,PARKS PLAYGROUND PROJECTS,
Department 786: PARKS TURF PROJECTS,,,,
408-786-9300.00,REPAIRS & MAINTENANCE,Expenditure,PARKS TURF PROJECTS,
Department 787: PARKS MILLAGE PROJECTS,,,,
408-787-8010.00,CONTRACTUAL SERVICES,Expenditure,PARKS MILLAGE PROJECTS,
408-787-9700.00,CAPITAL EXPENDITURES,Expenditure,PARKS MILLAGE PROJECTS,
Department 788: PARKS MANHATTAN PROJECT MILLAGE,,,,
408-788-8010.00,CONTRACTUAL SERVICES,Expenditure,PARKS MANHATTAN PROJECT MILLAGE,
408-788-9700.00,CAPITAL EXPENDITURES,Expenditure,PARKS MANHATTAN PROJECT MILLAGE,
Department 905: DEBT SERVICE,,,,
408-905-9940.00,DEBT ISSUANCE COSTS,Expenditure,DEBT SERVICE,
Department 930: TRANSFERS IN,,,,
408-930-6900.01,TRANS FROM GENERAL FUND,Revenue,TRANSFERS IN,
408-930-6900.08,TRANSFER FROM ARPA,Revenue,TRANSFERS IN,
Department 000: ,,,,
592-000-0015.00,CASH IN BANK - FIFTH THIRD,Cash,,
592-000-0015.01,CASH IN SAFE- 5/3RD (AWAITING DEPOSIT),Cash,,
592-000-0020.00,DEBIT CARD ACCOUNT,Cash,,
592-000-0171.00,KENT COUNTY INVESTMENT POOL,Investments,,
592-000-0180.00,ACCOUNTS RECEIVABLE,Investments,,
592-000-0240.00,ACCRUED INTEREST ON INVESTMENT,Accounts Receivable,,
592-000-0340.00,DELQ WATER/SEWER ON TAX ROLL,Accounts Receivable,,
592-000-0950.00,MISC ACCOUNTS RECEIVABLE,Accounts Receivable,,
592-000-1020.00,INVENTORY-MATERIALS & SUPPLIES,Other Assets,,
592-000-1230.00,PREPAID EXPENSES,Other Assets,,
592-000-1400.00,SHOP EQUIPMENT,Fixed Assets,,
592-000-1520.01,WATER SYSTEM,Fixed Assets,,
592-000-1520.02,ELEVATED WATER STORAGE TANK,Fixed Assets,,
592-000-1520.03,WATER METERS,Fixed Assets,,
592-000-1530.01,ACCUM DEPREC-WATER SYSTEM,Fixed Assets,,
592-000-1530.02,ACCUM DEPREC-WATER TOWER,Fixed Assets,,
592-000-1530.03,ACCUM DEPREC-WATER METERS,Fixed Assets,,
592-000-1540.01,SEWER SYSTEM,Fixed Assets,,
592-000-1540.02,LIFT STATIONS,Fixed Assets,,
592-000-1550.01,ACCUM DEPREC-SEWER SYSTEM,Fixed Assets,,
592-000-1550.02,ACCUM DEPREC-LIFT STATIONS,Fixed Assets,,
592-000-1580.00,WORK IN PROGRESS,Fixed Assets,,
592-000-1620.00,DRAINAGE DIST FACILITY RIGHTS,Fixed Assets,,
592-000-1630.00,ACCUM AMORT DD FACILITY RIGHTS,Fixed Assets,,
592-000-1850.00,DEFERRED OUTFLOW OPEB RELATED,Other Assets,,
592-000-2020.00,ACCOUNTS PAYABLE,Accounts Payable,,
592-000-2140.00,DUE TO OTHER FUNDS,Due To Other Funds,,
592-000-2140.88,GEN FD LOAN TO W/S FD-10/16 PIF,Due To Other Funds,,
592-000-2210.00,DUE TO CITY OF GR/INTEGR CONN FEES,Liabilities-ST,,
592-000-2510.00,EMPLOYER PENSION PAYABLE,Liabilities-ST,,
592-000-2570.00,ACCRUED PAYROLL PAYABLE,Liabilities-ST,,
592-000-2600.00,ACCRUED COMPENSATED ABSENCES,Liabilities-ST,,
592-000-2750.00,DUE TO TAXPAYERS,Liabilities-ST,,
592-000-3000.01,SILVER CREEK BONDS PAYABLE,Liabilities-LT (over 1 year),,
592-000-3000.02,SILVER CREEK/KREISER POND BOND PAYABLE,Liabilities-LT (over 1 year),,
592-000-3350.00,NET OPEB LIABILITY,Liabilities-LT (over 1 year),,
592-000-3350.01,DEFERRED INFLOW OPEB RELATED,Liabilities-LT (over 1 year),,
592-000-3900.01,PRIOR PERIOD ADJUSTMENT-FD BAL,Unassigned,,
592-000-3990.00,UNRESTRICTED FUND BALANCE,Unassigned,,
592-000-5390.01,MONIES RECEIVED FROM STATE,Revenue,,
592-000-6540.00,MISCELLANEOUS REVENUE,Revenue,,
592-000-6570.00,PENALTIES & INTEREST,Revenue,,
592-000-6650.00,INTEREST ON INVESTMENTS,Revenue,,
Department 447: CITY ENGINEERING,,,,
592-447-7060.00,SALARIES & WAGES - PERMANENT,Expenditure,CITY ENGINEERING,
592-447-7090.00,SALARIES & WAGES - OVERTIME,Expenditure,CITY ENGINEERING,
592-447-7150.00,EMPLOYER SOCIAL SECURITY,Expenditure,CITY ENGINEERING,
592-447-7160.00,WORKERS' COMPENSATION INS,Expenditure,CITY ENGINEERING,
592-447-7170.00,HEALTH CARE,Expenditure,CITY ENGINEERING,
592-447-7180.00,LIFE/LTD ,Expenditure,CITY ENGINEERING,
592-447-7190.00,PENSION,Expenditure,CITY ENGINEERING,
592-447-7400.00,OPERATING SUPPLIES,Expenditure,CITY ENGINEERING,
592-447-8010.00,CONTRACTUAL SERVICES,Expenditure,CITY ENGINEERING,
592-447-8360.00,R-HSA EXPENDITURE,Expenditure,CITY ENGINEERING,
592-447-9470.00,AUTO EXPENSE,Expenditure,CITY ENGINEERING,
592-447-9570.00,PROFESSIONAL DEVELOPMENT,Expenditure,CITY ENGINEERING,
Department 539: INTERGOVERNMENT REVENUES,,,,
592-539-5520.00,SAW GRANT - DEQ,Revenue,INTERGOVERNMENT REVENUES,
Department 540: SOURCE OF SUPPLY,,,,
592-540-8010.00,CONTRACTUAL SERVICES,Expenditure,SOURCE OF SUPPLY,
592-540-8140.00,PUBLIC LIABILITY CLAIMS,Expenditure,SOURCE OF SUPPLY,
Department 542: MAINS AND HYDRANTS,,,,
592-542-7040.00,ON-CALL PAY,Expenditure,MAINS AND HYDRANTS,
592-542-7060.00,SALARIES & WAGES - PERMANENT,Expenditure,MAINS AND HYDRANTS,
592-542-7060.01,SALARY & WAGES (LSL) - PERMANENT,Expenditure,MAINS AND HYDRANTS,
592-542-7070.00,SALARIES & WAGES - PART-TIME/TEMP,Expenditure,MAINS AND HYDRANTS,
592-542-7090.00,SALARIES & WAGES - OVERTIME,Expenditure,MAINS AND HYDRANTS,
592-542-7150.00,EMPLOYER SOCIAL SECURITY,Expenditure,MAINS AND HYDRANTS,
592-542-7160.00,WORKERS' COMPENSATION INS,Expenditure,MAINS AND HYDRANTS,
592-542-7170.00,HEALTH CARE,Expenditure,MAINS AND HYDRANTS,
592-542-7180.00,LIFE/LTD ,Expenditure,MAINS AND HYDRANTS,
592-542-7190.00,PENSION,Expenditure,MAINS AND HYDRANTS,
592-542-7400.00,OPERATING SUPPLIES,Expenditure,MAINS AND HYDRANTS,
592-542-7400.11,EMPLOYEE SAFETY GEAR,Expenditure,MAINS AND HYDRANTS,
592-542-7400.12,ASPHALT,Expenditure,MAINS AND HYDRANTS,
592-542-7400.13,CEMENT,Expenditure,MAINS AND HYDRANTS,
592-542-7400.18,WATER MAIN MTRL AND ACCES,Expenditure,MAINS AND HYDRANTS,
592-542-7400.19,SAND,Expenditure,MAINS AND HYDRANTS,
592-542-7400.20,GRAVEL,Expenditure,MAINS AND HYDRANTS,
592-542-7400.21,DIRT,Expenditure,MAINS AND HYDRANTS,
592-542-7400.22,SPOILS,Expenditure,MAINS AND HYDRANTS,
592-542-7400.23,"STAKING, SAMPLES, SMALL EQUIP, MISC",Expenditure,MAINS AND HYDRANTS,
592-542-7400.24,EGLE ASSESSMENT,Expenditure,MAINS AND HYDRANTS,
592-542-8010.00,CONTRACTUAL SERVICES,Expenditure,MAINS AND HYDRANTS,
592-542-8010.02,UNIFORMS,Expenditure,MAINS AND HYDRANTS,
592-542-8010.52,LSL HYDRO EXCAVATING,Expenditure,MAINS AND HYDRANTS,
592-542-8140.00,PUBLIC LIABILITY CLAIMS,Expenditure,MAINS AND HYDRANTS,
592-542-8170.00,BULK SUPPLY - WATER,Expenditure,MAINS AND HYDRANTS,
592-542-8360.00,R-HSA EXPENDITURE,Expenditure,MAINS AND HYDRANTS,
592-542-9300.00,REPAIRS & MAINTENANCE,Expenditure,MAINS AND HYDRANTS,
592-542-9470.00,AUTO EXPENSE,Expenditure,MAINS AND HYDRANTS,
592-542-9560.00,DUES & SUBSCRIPTIONS,Expenditure,MAINS AND HYDRANTS,
592-542-9570.00,PROFESSIONAL DEVELOPMENT,Expenditure,MAINS AND HYDRANTS,
592-542-9700.00,CAPITAL EXPENDITURES,Expenditure,MAINS AND HYDRANTS,
592-542-9700.11,HYDRANT UPGRADE PROGRAM,Expenditure,MAINS AND HYDRANTS,
592-542-9700.32,VALVE REPLACEMENT PROGRAM,Expenditure,MAINS AND HYDRANTS,
592-542-9700.36,LEAD SERVICE LINE (LSL),Expenditure,MAINS AND HYDRANTS,592-000-3990.00
592-542-9701.00,SMALL CAPITAL,Expenditure,MAINS AND HYDRANTS,
Department 543: METERS,,,,
592-543-7060.00,SALARIES & WAGES - PERMANENT,Expenditure,METERS,
592-543-7070.00,SALARIES & WAGES - PART-TIME/TEMP,Expenditure,METERS,
592-543-7090.00,SALARIES & WAGES - OVERTIME,Expenditure,METERS,
592-543-7150.00,EMPLOYER SOCIAL SECURITY,Expenditure,METERS,
592-543-7160.00,WORKERS' COMPENSATION INS,Expenditure,METERS,
592-543-7170.00,HEALTH CARE,Expenditure,METERS,
592-543-7180.00,LIFE/LTD ,Expenditure,METERS,
592-543-7190.00,PENSION,Expenditure,METERS,
592-543-7400.00,OPERATING SUPPLIES,Expenditure,METERS,
592-543-8010.00,CONTRACTUAL SERVICES,Expenditure,METERS,
592-543-9300.00,REPAIRS & MAINTENANCE,Expenditure,METERS,
592-543-9700.00,CAPITAL EXPENDITURES,Expenditure,METERS,
592-543-9701.00,SMALL CAPITAL,Expenditure,METERS,
Department 545: METER READING AND COLLECTING,,,,
592-545-7060.00,SALARIES & WAGES - PERMANENT,Expenditure,METER READING AND COLLECTING,
592-545-7070.00,SALARIES & WAGES - PART-TIME/TEMP,Expenditure,METER READING AND COLLECTING,
592-545-7090.00,SALARIES & WAGES - OVERTIME,Expenditure,METER READING AND COLLECTING,
592-545-7150.00,EMPLOYER SOCIAL SECURITY,Expenditure,METER READING AND COLLECTING,
592-545-7160.00,WORKERS' COMPENSATION INS,Expenditure,METER READING AND COLLECTING,
592-545-7170.00,HEALTH CARE,Expenditure,METER READING AND COLLECTING,
592-545-7180.00,LIFE/LTD ,Expenditure,METER READING AND COLLECTING,
592-545-7190.00,PENSION,Expenditure,METER READING AND COLLECTING,
592-545-7400.00,OPERATING SUPPLIES,Expenditure,METER READING AND COLLECTING,
592-545-8010.00,CONTRACTUAL SERVICES,Expenditure,METER READING AND COLLECTING,
592-545-9300.00,REPAIRS & MAINTENANCE,Expenditure,METER READING AND COLLECTING,
592-545-9470.00,AUTO EXPENSE,Expenditure,METER READING AND COLLECTING,
592-545-9701.00,SMALL CAPITAL,Expenditure,METER READING AND COLLECTING,
Department 550: SEWER EXPENDITURES,,,,
592-550-7060.00,SALARIES & WAGES - PERMANENT,Expenditure,SEWER EXPENDITURES,
592-550-7070.00,SALARIES & WAGES - PART-TIME/TEMP,Expenditure,SEWER EXPENDITURES,
592-550-7090.00,SALARIES & WAGES - OVERTIME,Expenditure,SEWER EXPENDITURES,
592-550-7150.00,EMPLOYER SOCIAL SECURITY,Expenditure,SEWER EXPENDITURES,
592-550-7160.00,WORKERS' COMPENSATION INS,Expenditure,SEWER EXPENDITURES,
592-550-7170.00,HEALTH CARE,Expenditure,SEWER EXPENDITURES,
592-550-7180.00,LIFE/LTD ,Expenditure,SEWER EXPENDITURES,
592-550-7190.00,PENSION,Expenditure,SEWER EXPENDITURES,
592-550-7400.00,OPERATING SUPPLIES,Expenditure,SEWER EXPENDITURES,
592-550-7400.11,EMPLOYEE SAFETY GEAR,Expenditure,SEWER EXPENDITURES,
592-550-7400.12,ASPHALT,Expenditure,SEWER EXPENDITURES,
592-550-7400.13,CEMENT,Expenditure,SEWER EXPENDITURES,
592-550-7400.19,SAND,Expenditure,SEWER EXPENDITURES,
592-550-7400.20,GRAVEL,Expenditure,SEWER EXPENDITURES,
592-550-7400.21,DIRT,Expenditure,SEWER EXPENDITURES,
592-550-7400.25,SEWER MAIN MTRL & ACCESS,Expenditure,SEWER EXPENDITURES,
592-550-7400.26,SEWER LIFT MAINTENANCE,Expenditure,SEWER EXPENDITURES,
592-550-8010.00,CONTRACTUAL SERVICES,Expenditure,SEWER EXPENDITURES,
592-550-8010.02,UNIFORMS,Expenditure,SEWER EXPENDITURES,
592-550-8010.15,QUARTERLY LIFT STATION MAINT,Expenditure,SEWER EXPENDITURES,
592-550-8010.45,SEWER TELEVISING/SAW GRANT,Expenditure,SEWER EXPENDITURES,
592-550-8010.49,ENGINEERING - BEECHWOOD DETENTION SYSTEM,Expenditure,SEWER EXPENDITURES,
592-550-8010.53,SEWER TELEVISING,Expenditure,SEWER EXPENDITURES,
592-550-8140.00,PUBLIC LIABILITY CLAIMS,Expenditure,SEWER EXPENDITURES,
592-550-8175.00,BULK SUPPLY - SEWER,Expenditure,SEWER EXPENDITURES,
592-550-8200.00,STORM WATER PERMITS,Expenditure,SEWER EXPENDITURES,
592-550-8360.00,R-HSA EXPENDITURE,Expenditure,SEWER EXPENDITURES,
592-550-9210.00,GAS SERVICE,Expenditure,SEWER EXPENDITURES,
592-550-9220.00,ELECTRIC SERVICE,Expenditure,SEWER EXPENDITURES,
592-550-9300.09,MISCELLANEOUS,Expenditure,SEWER EXPENDITURES,
592-550-9300.11,LIFT STATION REPAIRS,Expenditure,SEWER EXPENDITURES,
592-550-9470.00,AUTO EXPENSE,Expenditure,SEWER EXPENDITURES,
592-550-9560.00,DUES & SUBSCRIPTIONS,Expenditure,SEWER EXPENDITURES,
592-550-9570.00,PROFESSIONAL DEVELOPMENT,Expenditure,SEWER EXPENDITURES,
592-550-9700.00,CAPITAL EXPENDITURES,Expenditure,SEWER EXPENDITURES,
592-550-9700.12,UTILITY IMPR REL TO GRAVEL ROADS,Expenditure,SEWER EXPENDITURES,
592-550-9700.13,SANITARY SEWER RELINING,Expenditure,SEWER EXPENDITURES,
592-550-9700.25,SEWER VIDEO SYS(SEE8010.45),Expenditure,SEWER EXPENDITURES,
592-550-9701.00,SMALL CAPITAL,Expenditure,SEWER EXPENDITURES,
Department 560: GENERAL ADMINISTRATION,,,,
592-560-8070.00,GENERAL FUND FEES,Expenditure,GENERAL ADMINISTRATION,
592-560-8071.00,PROCESSING FEES (EXTERNAL),Expenditure,GENERAL ADMINISTRATION,
592-560-9680.00,DEPRECIATION,Expenditure,GENERAL ADMINISTRATION,
592-560-9685.00,AMORTIZATION,Expenditure,GENERAL ADMINISTRATION,
592-560-9915.00,NET OPEB LIAB EXPENSE,Expenditure,GENERAL ADMINISTRATION,
Department 600: CHARGES FOR CURRENT SERVICES,,,,
592-600-6400.00,WATER READINESS,Revenue,CHARGES FOR CURRENT SERVICES,
592-600-6420.00,METERED WATER SALES,Revenue,CHARGES FOR CURRENT SERVICES,
592-600-6460.00,SEWAGE DISPOSAL CHARGES,Revenue,CHARGES FOR CURRENT SERVICES,
592-600-6470.00,WATER TAP & METER REVENUE,Revenue,CHARGES FOR CURRENT SERVICES,
592-600-6540.00,MISCELLANEOUS REVENUE,Revenue,CHARGES FOR CURRENT SERVICES,
Department 676: REIMBURSEMENTS,,,,
592-676-6840.00,BLODGETT SEWER SEPARATOR REIMBURSEMENT,Revenue,REIMBURSEMENTS,
Department 905: DEBT SERVICE,,,,
592-905-9920.00,INTEREST ON NOTES,Expenditure,DEBT SERVICE,
Department 930: TRANSFERS IN,,,,
592-930-6900.01,TRANS FROM GENERAL FUND,Revenue,TRANSFERS IN,
592-930-6900.05,TRANS FROM MERF FUND,Revenue,TRANSFERS IN,
592-930-6900.08,TRANSFER FROM ARPA,Revenue,TRANSFERS IN,
592-930-6900.09,TRANS INCOME-FROM CAP ASSET PURCHASE,Revenue,TRANSFERS IN,
592-930-6900.98,TRANS FROM CAPITAL PROJ FUNDS,Revenue,TRANSFERS IN,
Department 965: TRANSFERS OUT,,,,
592-965-9950.02,TRANS TO MAJOR STREETS,Expenditure,TRANSFERS OUT,
592-965-9950.05,TRANS TO MERF FUND,Expenditure,TRANSFERS OUT,
592-965-9950.94,TRANS TO HEALTH CARE FUND,Expenditure,TRANSFERS OUT,
592-965-9950.98,TRANS TO CAPITAL PROJ FUND,Expenditure,TRANSFERS OUT,
592-965-9950.99,TRANS TO STREETS BLDG PROJ FUND,Expenditure,TRANSFERS OUT,
Department 000: ,,,,
677-000-0015.00,CASH IN BANK - FIFTH THIRD,Cash,,
677-000-0015.01,CASH IN SAFE- 5/3RD (AWAITING DEPOSIT),Cash,,
677-000-0035.01,CHEMICAL/TCF BANK CD,Cash,,
677-000-0171.00,KENT COUNTY INVESTMENT POOL,Investments,,
677-000-0240.00,ACCRUED INTEREST ON INVESTMENT,Accounts Receivable,,
677-000-0820.00,DUE FROM OTHER FUNDS,Accounts Receivable,,
677-000-0890.00,DUE FROM STOP LOSS CARRIER,Accounts Receivable,,
677-000-0950.00,MISC ACCOUNTS RECEIVABLE,Accounts Receivable,,
677-000-1230.00,PREPAID EXPENSES-HEALTH EQUITY DEPOSITS,Other Assets,,
677-000-1240.00,PREPAID INSURANCE PREMIUM,Cash,,
677-000-2020.00,ACCOUNTS PAYABLE,Accounts Payable,,
677-000-2140.00,DUE TO OTHER FUNDS,Due To Other Funds,,
677-000-2150.00,PENDING HEALTH CLAIMS PAYABLE,Liabilities-ST,,
677-000-2440.00,R-HSA W/H PAYABLE,Liabilities-ST,,
677-000-2520.00,REIMBURSEMENT PAYABLE,Liabilities-ST,,
677-000-2530.00,HSA PLAN PAYABLE,Liabilities-ST,,
677-000-2570.00,ACCRUED PAYROLL PAYABLE,Liabilities-ST,,
677-000-3390.00,DEFERRED REVENUE,Liabilities-ST,,
677-000-3900.01,PRIOR PERIOD ADJUSTMENT-FD BAL,Unassigned,,
677-000-3990.00,UNRESTRICTED FUND BALANCE,Unassigned,,
677-000-6540.00,MISCELLANEOUS REVENUE,Revenue,,
677-000-6650.00,INTEREST ON INVESTMENTS,Revenue,,
677-000-6780.00,HEALTH INSURANCE REIMBURSEMENT,Revenue,,
677-000-6830.01,EMPLOYEE PREMIUM CONTRIBUTIONS,Revenue,,
677-000-6830.02,OTHER CONTRIUBTIONS (COBRA),Revenue,,
677-000-6830.03,EMPLOYER PREMIUM CONTRIBUTIONS,Revenue,,
Department 852: HEALTH CARE ADMINISTRATION,,,,
677-852-8010.00,CONTRACTUAL SERVICES,Expenditure,HEALTH CARE ADMINISTRATION,
677-852-8290.00,"MEDICAL, DENTAL, FLEX ADM FEES",Expenditure,HEALTH CARE ADMINISTRATION,
677-852-8300.00,STOP LOSS FEES,Expenditure,HEALTH CARE ADMINISTRATION,
677-852-8310.00,LIFE AND AD&D INS. PREMIUM,Expenditure,HEALTH CARE ADMINISTRATION,
677-852-8330.00,PHARMACY,Expenditure,HEALTH CARE ADMINISTRATION,
677-852-8340.00,MEDICAL CLAIMS EXPENSE- HRA,Expenditure,HEALTH CARE ADMINISTRATION,
677-852-8340.01,HRA CLAIMS,Expenditure,HEALTH CARE ADMINISTRATION,
677-852-8340.02,HSA CLAIMS,Expenditure,HEALTH CARE ADMINISTRATION,
677-852-8350.00,EMPLOYEE DENTAL/VISION CLAIMS,Expenditure,HEALTH CARE ADMINISTRATION,
677-852-8360.00,R-HSA EXPENDITURE,Expenditure,HEALTH CARE ADMINISTRATION,
677-852-8370.00,LTD INSURANCE PREMIUMS,Expenditure,HEALTH CARE ADMINISTRATION,
Department 930: TRANSFERS IN,,,,
677-930-6900.01,TRANS FROM GENERAL FUND,Revenue,TRANSFERS IN,
677-930-6900.02,TRANS FROM MAJOR STREET FUND,Revenue,TRANSFERS IN,
677-930-6900.03,TRANS FROM LOCAL STREET FUND,Revenue,TRANSFERS IN,
677-930-6900.04,TRANS FROM WATER/SEWER FUND,Revenue,TRANSFERS IN,
Department 965: TRANSFERS OUT,,,,
677-965-9950.07,TRANS TO OPEB TRUST FUND,Expenditure,TRANSFERS OUT,
677-965-9950.94,TRANS TO HEALTH CARE FUND,Expenditure,TRANSFERS OUT,
Department 000: ,,,,
692-000-0015.00,CASH IN BANK - FIFTH THIRD,Cash,,
692-000-0020.00,DEBIT CARD ACCOUNT,Cash,,
692-000-0035.01,CHEMICAL/TCF BANK CD,Cash,,
692-000-0171.00,KENT COUNTY INVESTMENT POOL,Investments,,
692-000-0240.00,ACCRUED INTEREST ON INVESTMENT,Accounts Receivable,,
692-000-0950.00,MISC ACCOUNTS RECEIVABLE,Accounts Receivable,,
692-000-1030.00,INVENTORY - GAS/FUEL,Other Assets,,
692-000-1040.00,INVENTORY - DIESEL,Other Assets,,
692-000-1100.00,INVENTORY-EQUIPMENT,Other Assets,,
692-000-1230.00,PREPAID EXPENSES,Other Assets,,
692-000-1230.99,PREPAID EXPENSES-692 ADD'L,Other Assets,,
692-000-1481.00,VEHICLE EQUIPMENT,Fixed Assets,,
692-000-1490.00,ACCUM. DEPR. - VEHICLE EQUIP,Accum. Depreciation,,
692-000-1580.00,WORK IN PROGRESS,Fixed Assets,,
692-000-2020.00,ACCOUNTS PAYABLE,Accounts Payable,,
692-000-2140.00,DUE TO OTHER FUNDS,Due To Other Funds,,
692-000-2570.00,ACCRUED PAYROLL PAYABLE,Liabilities-ST,,
692-000-2600.00,ACCRUED COMPENSATED ABSENCES,Liabilities-ST,,
692-000-3900.01,PRIOR PERIOD ADJUSTMENT-FD BAL,Unassigned,,
692-000-3990.00,UNRESTRICTED FUND BALANCE,Unassigned,,
692-000-6540.00,MISCELLANEOUS REVENUE,Revenue,,
692-000-6650.00,INTEREST ON INVESTMENTS,Revenue,,
692-000-6670.00,RENTAL INCOME - VARIABLE,Revenue,,
692-000-6730.00,SALE OF CAPITAL ASSETS,Revenue,,
Department 570: MOTOR EQUIPMENT EXPENDITURES,,,,
692-570-7060.00,SALARIES & WAGES - PERMANENT,Expenditure,MOTOR EQUIPMENT EXPENDITURES,
692-570-7070.00,SALARIES & WAGES - PART-TIME/TEMP,Expenditure,MOTOR EQUIPMENT EXPENDITURES,
692-570-7090.00,SALARIES & WAGES - OVERTIME,Expenditure,MOTOR EQUIPMENT EXPENDITURES,
692-570-7150.00,EMPLOYER SOCIAL SECURITY,Expenditure,MOTOR EQUIPMENT EXPENDITURES,
692-570-7160.00,WORKERS' COMPENSATION INS,Expenditure,MOTOR EQUIPMENT EXPENDITURES,
692-570-7170.00,HEALTH CARE,Expenditure,MOTOR EQUIPMENT EXPENDITURES,
692-570-7180.00,LIFE/LTD ,Expenditure,MOTOR EQUIPMENT EXPENDITURES,
692-570-7190.00,PENSION,Expenditure,MOTOR EQUIPMENT EXPENDITURES,
692-570-7510.00,OP. SUP - TIRES,Expenditure,MOTOR EQUIPMENT EXPENDITURES,
692-570-7530.00,OP. SUP - OIL,Expenditure,MOTOR EQUIPMENT EXPENDITURES,
692-570-7540.00,OP. SUP - PARTS,Expenditure,MOTOR EQUIPMENT EXPENDITURES,
692-570-7550.00,OP. SUP - STEEL,Expenditure,MOTOR EQUIPMENT EXPENDITURES,
692-570-7560.00,OP. SUP - SM. TOOLS,Expenditure,MOTOR EQUIPMENT EXPENDITURES,
692-570-7590.00,OP. SUP - GARAGE,Expenditure,MOTOR EQUIPMENT EXPENDITURES,
692-570-7620.00,OP. SUP - UL GAS,Expenditure,MOTOR EQUIPMENT EXPENDITURES,
692-570-7630.00,OP. SUP - DIESEL FUEL,Expenditure,MOTOR EQUIPMENT EXPENDITURES,
692-570-8010.00,CONTRACTUAL SERVICES,Expenditure,MOTOR EQUIPMENT EXPENDITURES,
692-570-8100.00,INSURANCE PREMIUMS,Expenditure,MOTOR EQUIPMENT EXPENDITURES,
692-570-9300.00,REPAIRS & MAINTENANCE,Expenditure,MOTOR EQUIPMENT EXPENDITURES,
692-570-9470.00,AUTO EXPENSE,Expenditure,MOTOR EQUIPMENT EXPENDITURES,
692-570-9550.00,MISCELLANEOUS,Expenditure,MOTOR EQUIPMENT EXPENDITURES,
692-570-9560.00,DUES & SUBSCRIPTIONS,Expenditure,MOTOR EQUIPMENT EXPENDITURES,
692-570-9570.00,PROFESSIONAL DEVELOPMENT,Expenditure,MOTOR EQUIPMENT EXPENDITURES,
692-570-9680.00,DEPRECIATION,Expenditure,MOTOR EQUIPMENT EXPENDITURES,
692-570-9700.20,EQUIPMENT,Expenditure,MOTOR EQUIPMENT EXPENDITURES,
692-570-9700.21,VEHICLES,Expenditure,MOTOR EQUIPMENT EXPENDITURES,
692-570-9701.00,SMALL CAPITAL,Expenditure,MOTOR EQUIPMENT EXPENDITURES,
Department 930: TRANSFERS IN,,,,
692-930-6900.01,TRANS FROM GENERAL FUND,Revenue,TRANSFERS IN,
692-930-6900.03,TRANS FROM LOCAL STREET FUND,Revenue,TRANSFERS IN,
692-930-6900.04,TRANS FROM WATER/SEWER FUND,Revenue,TRANSFERS IN,
692-930-6900.08,TRANSFER FROM ARPA,Revenue,TRANSFERS IN,
692-930-6900.09,TRANS INCOME-FROM CAP ASSET PURCHASE,Revenue,TRANSFERS IN,
692-930-6900.93,TRANSFER FROM WEALTH POOL DEBT,Revenue,TRANSFERS IN,
692-930-6900.98,TRANS FROM CAPITAL PROJ FUNDS,Revenue,TRANSFERS IN,
Department 965: TRANSFERS OUT,,,,
692-965-9950.94,TRANS TO HEALTH CARE FUND,Expenditure,TRANSFERS OUT,
692-965-9950.98,TRANS TO CAPITAL PROJ FUND,Expenditure,TRANSFERS OUT,
692-965-9950.99,TRANS TO STREETS BLDG PROJ FUND,Expenditure,TRANSFERS OUT,
Department 000: ,,,,
701-000-0015.00,CASH IN BANK - FIFTH THIRD,Cash,,
701-000-0015.01,CASH IN SAFE- 5/3RD (AWAITING DEPOSIT),Cash,,
701-000-0100.00,UNDEPOSITED FUNDS IN OFFICE,Cash,,
701-000-0950.00,MISC ACCOUNTS RECEIVABLE,Accounts Receivable,,
701-000-2020.00,ACCOUNTS PAYABLE,Accounts Payable,,
701-000-2181.00,DUE TO SET,Liabilities-ST,,
701-000-2182.00,DELQ PERS-DUE TO SET,Liabilities-ST,,
701-000-2183.00,TAX PENALTIES DUE TO SET,Liabilities-ST,,
701-000-2191.00,DUE TO ITP,Liabilities-ST,,
701-000-2192.00,DELQ PERS-DUE TO ITP,Liabilities-ST,,
701-000-2193.00,TAX PENALTIES DUE TO ITP,Liabilities-ST,,
701-000-2221.00,DUE TO COUNTY,Liabilities-ST,,
701-000-2222.00,DELQ PERS-DUE TO COUNTY,Liabilities-ST,,
701-000-2223.00,TAX PENALTIES-DUE TO COUNTY,Liabilities-ST,,
701-000-2231.00,DUE TO KENT DISTRICT LIBRARY,Liabilities-ST,,
701-000-2232.00,DELQ PERS-DUE TO KDL,Liabilities-ST,,
701-000-2233.00,TAX PENALTIES DUE TO KDL,Liabilities-ST,,
701-000-2251.00,DUE TO EGR PUBLIC SCHOOLS,Liabilities-ST,,
701-000-2252.00,DELQ PERS-DUE TO EGRPS,Liabilities-ST,,
701-000-2253.00,TAX PENALTIES DUE TO EGRPS,Liabilities-ST,,
701-000-2341.00,DUE TO KISD,Liabilities-ST,,
701-000-2342.00,DELQ PERS-DUE TO KISD,Liabilities-ST,,
701-000-2343.00,TAX PENALTIES DUE TO KISD,Liabilities-ST,,
701-000-2351.00,DUE TO GRCC,Liabilities-ST,,
701-000-2352.00,DELQ PERS-DUE TO GRCC,Liabilities-ST,,
701-000-2353.00,TAX PENALTIES DUE TO GRCC,Liabilities-ST,,
701-000-2411.00,DUE TO MI TREAS DEPT,Liabilities-ST,,
701-000-2412.00,DELQ PERS-DUE TO MI TREAS DEPT,Liabilities-ST,,
701-000-2413.00,TAX PEN DUE TO MI TREAS DEPT,Liabilities-ST,,
701-000-2740.00,PREPAID TAXES,Liabilities-ST,,
701-000-2750.00,DUE TO TAXPAYERS,Liabilities-ST,,
701-000-2890.00,DOG LICENSES PAYABLE,Liabilities-ST,,
701-000-3750.00,RESTRICTED FUND BALANCE,Restricted,,
701-000-6650.00,INTEREST ON INVESTMENTS,Revenue,,
Department 000: ,,,,
731-000-0015.00,CASH IN BANK - FIFTH THIRD,Cash,,
731-000-0170.00,PENSION INVESTMENTS,Cash,,
731-000-0950.00,MISC ACCOUNTS RECEIVABLE,Accounts Receivable,,
731-000-2020.00,ACCOUNTS PAYABLE,Accounts Payable,,
731-000-2630.00,OTHER LIABILITIES,Liabilities-ST,,
731-000-3750.00,RESTRICTED FUND BALANCE,Restricted,,
731-000-6650.00,INTEREST ON INVESTMENTS,Revenue,,
731-000-6690.00,INVESTMENT GAINS/LOSSES,Revenue,,
731-000-6810.00,EMPLOYER CONTRIBUTIONS,Revenue,,
731-000-6810.01,EMPLOYEE CONTRIBUTIONS,Revenue,,
Department 560: GENERAL ADMINISTRATION,,,,
731-560-5390.01,MONIES RECEIVED FROM STATE,Revenue,GENERAL ADMINISTRATION,
731-560-6900.01,TRANS FROM GENERAL FUND,Revenue,GENERAL ADMINISTRATION,
731-560-8010.00,CONTRACTUAL SERVICES,Expenditure,GENERAL ADMINISTRATION,
731-560-8740.00,RETIREMENT BENEFIT PAYMENTS TO RETIREES,Expenditure,GENERAL ADMINISTRATION,
731-560-9640.00,BANK SERVICE FEES,Expenditure,GENERAL ADMINISTRATION,
Department 000: ,,,,
736-000-0015.00,CASH IN BANK - FIFTH THIRD,Cash,,
736-000-0015.01,CASH IN SAFE- 5/3RD (AWAITING DEPOSIT),Cash,,
736-000-0170.00,INVESTMENT WITH TRUSTEE,Cash,,
736-000-0171.00,KENT COUNTY INVESTMENT POOL,Investments,,
736-000-0560.00,INTEREST RECEIVABLE,Accounts Receivable,,
736-000-0820.00,DUE FROM OTHER FUNDS,Accounts Receivable,,
736-000-0950.00,MISC ACCOUNTS RECEIVABLE,Accounts Receivable,,
736-000-2020.00,ACCOUNTS PAYABLE,Accounts Payable,,
736-000-2150.00,PENDING HEALTH CLAIMS PAYABLE,Liabilities-ST,,
736-000-2520.00,REIMBURSEMENT PAYABLE,Liabilities-ST,,
736-000-3930.00,RESTRICTED FUND BALANCE- OPEB,Restricted,,
736-000-6650.00,INTEREST ON INVESTMENTS,Revenue,,
736-000-6780.00,HEALTH INSURANCE REIMBURSEMENT,Revenue,,
736-000-6830.02,OTHER CONTRIUBTIONS (COBRA),Revenue,,
736-000-6830.03,EMPLOYER PREMIUM CONTRIBUTIONS,Revenue,,
Department 560: GENERAL ADMINISTRATION,,,,
736-560-8010.00,CONTRACTUAL SERVICES,Expenditure,GENERAL ADMINISTRATION,
736-560-8290.00,"MEDICAL, DENTAL, FLEX ADM FEES",Expenditure,GENERAL ADMINISTRATION,
736-560-8300.00,STOP LOSS FEES,Expenditure,GENERAL ADMINISTRATION,
736-560-8330.00,PHARMACY,Expenditure,GENERAL ADMINISTRATION,
736-560-8340.00,MEDICAL CLAIMS,Expenditure,GENERAL ADMINISTRATION,
736-560-8340.01,HRA CLAIMS,Expenditure,GENERAL ADMINISTRATION,
736-560-8340.02,HSA CLAIMS,Expenditure,GENERAL ADMINISTRATION,
736-560-8350.00,EMPLOYEE DENTAL/VISION CLAIMS,Expenditure,GENERAL ADMINISTRATION,
Department 930: TRANSFERS IN,,,,
736-930-6900.07,TRANS FROM HEALTH CARE,Revenue,TRANSFERS IN,
736-930-6900.09,TRANS INCOME-FROM CAP ASSET PURCHASE,Revenue,TRANSFERS IN,
Department 000: ,,,,
810-000-0015.00,CASH IN BANK - FIFTH THIRD,Cash,,
810-000-0450.00,SPECIAL ASSESSMENTS RECEIVABLE-CURRENT,Accounts Receivable,,
810-000-0490.00,SPECIAL ASSESSMENTS RECEIVABLE-LONG-TERM,Accounts Receivable,,
810-000-2020.00,ACCOUNTS PAYABLE,Accounts Payable,,
810-000-3390.00,DEFERRED REVENUE,Liabilities-ST,,
810-000-3750.00,RESTRICTED FUND BALANCE,Restricted,,
810-000-4500.00,SPECIAL ASSESSMENT REVENUE,Revenue,,
810-000-6650.00,INTEREST ON INVESTMENTS,Revenue,,
Department 965: TRANSFERS OUT,,,,
810-965-9950.01,TRANS TO GENERAL FUND,Expenditure,TRANSFERS OUT,
810-965-9950.02,TRANS TO MAJOR STREET FUND,Expenditure,TRANSFERS OUT,
810-965-9950.03,TRANS TO LOCAL STREET FUND,Expenditure,TRANSFERS OUT,
810-965-9950.11,TRANS TO MUNICIPAL STREET FUND,Expenditure,TRANSFERS OUT,
Department 000: ,,,,
901-000-0015.00,CASH IN BANK - FIFTH THIRD,Cash,,
901-000-1300.00,LAND,Fixed Assets,,
901-000-1320.00,LAND IMPROVEMENTS,Fixed Assets,,
901-000-1360.01,BUILDINGS,Fixed Assets,,
901-000-1360.02,BUILDING IMPROVEMENTS,Fixed Assets,,
901-000-1450.00,INFASTRUCTURE,Fixed Assets,,
901-000-1460.00,GENERAL EQUIPMENT,Fixed Assets,,
901-000-1470.00,ACCUM. DEPR. GENERAL FIXED ASSETS,Accum. Depreciation,,
901-000-1840.00,DEFERRED OUTFLOW PENSION RELATED,Other Assets,,
901-000-1850.00,DEFERRED OUTFLOW OPEB RELATED,Other Assets,,
901-000-2600.00,ACCRUED COMPENSATED ABSENCES,Liabilities-ST,,
901-000-2770.00,ACCRUED INTEREST PAY - BONDS,Liabilities-ST,,
901-000-2900.00,NET PENSION LIABILITY,Liabilities-LT (over 1 year),,
901-000-2950.00,NET OPEB LIABILITY,Liabilities-LT (over 1 year),,
901-000-3000.00,LONG TERM DEBT,Liabilities-LT (over 1 year),,
901-000-3350.01,DEFERRED INFLOW OPEB RELATED,Liabilities-LT (over 1 year),,
901-000-3600.01,DEFERRED INFLOW PENSION,Deferred Inflows,,
901-000-3900.00,RESTRICTED/UNRESTRICTED NET POSITION,Unassigned,,
901-000-3900.02,NET INVESTMENT IN CAPITAL ASSETS,Unassigned,,
901-000-6730.00,SALE OF CAPITAL ASSETS,Revenue,,
901-000-6981.00,PROCEEDS FROM CAPITAL LEASE,Revenue,,
901-000-9999.42,DONATIONS FROM PRIVATE SOURCES (GASB 34),Revenue,,
901-000-9999.43,FEDERAL GRANTS (GASG 34 PW CAPITAL),Revenue,,
901-000-9999.44,STATE GRANTS (GASB 34 GG CAPITAL),Revenue,,
901-000-9999.51,LEGISLATIVE (GASB 34),Expenditure,,
901-000-9999.52,GENERAL GOV'T (GASB 34),Expenditure,,
901-000-9999.53,PUBLIC SAFETY (GASB 34),Expenditure,,
901-000-9999.54,PUBLIC WORKS (GASB 34),Expenditure,,
901-000-9999.55,PARKS AND REC (GASB 34),Expenditure,,
Department 905: DEBT SERVICE,,,,
901-905-9910.00,DEBT PRINCIPAL PAYMENTS,Expenditure,DEBT SERVICE,
901-905-9920.00,INTEREST ON NOTES,Expenditure,DEBT SERVICE,
Department 991: GASB 34 LEGISLATIVE,,,,
901-991-9999.51,LEGISLATIVE (GASB 34),Expenditure,GASB 34 LEGISLATIVE,
Department 992: GASB 34 GENERAL GOVT,,,,
901-992-9999.52,GENERAL GOV'T (GASB 34),Expenditure,GASB 34 GENERAL GOVT,
Department 993: GASB 34 PUBLIC SAFETY,,,,
901-993-9999.53,PUBLIC SAFETY (GASB 34),Expenditure,GASB 34 PUBLIC SAFETY,
Department 994: GASB 34 PUBLIC WORKS,,,,
901-994-9999.54,PUBLIC WORKS (GASB 34),Expenditure,GASB 34 PUBLIC WORKS,
Department 995: GASB 34 PARKS AND REC,,,,
901-995-9999.55,PARKS AND REC (GASB 34),Expenditure,GASB 34 PARKS AND REC,
