GL NUMBER,DESCRIPTION,06/30/2024
Fund 101 - GENERAL FUND,,
Revenues,,
Dept 930 - TRANSFERS IN,,
101-930-6900.08,TRANSFER FROM ARPA,76965
101-930-6900.98,TRANS FROM CAPITAL PROJ FUNDS,0
Total Dept 930 - TRANSFERS IN,,76965
TOTAL REVENUES,,76965
Expenditures,,
Dept 965 - TRANSFERS OUT,,
101-965-9950.02,TRANS TO MAJOR STREET FUND,0
101-965-9950.03,TRANS TO LOCAL STREET FUND,500000
101-965-9950.04,TRANS TO WATER/SEWER FUND,0
101-965-9950.05,TRANS TO MERF FUND,0
101-965-9950.10,TRANS TO OTHER FUNDS,0
101-965-9950.11,TRANS TO MUNICIPAL STREET FUND,500000
101-965-9950.12,TRANSFER TO PENSION FUND,1965045
101-965-9950.96,TRANS TO MAJOR STREET PROJECTS,0
101-965-9950.97,TRANS TO LOCAL STREET PROJECTS,0
101-965-9950.98,TRANS TO CAPITAL PROJ FUND,70000
Total Dept 965 - TRANSFERS OUT,,3035045
TOTAL EXPENDITURES,,3035045
Fund 101 - GENERAL FUND:,,
TOTAL REVENUES,,76965
TOTAL EXPENDITURES,,3035045
NET OF REVENUES & EXPENDITURES,,-2958080
Fund 203 - LOCAL STREET FUND,,
Revenues,,
Dept 930 - TRANSFERS IN,,
203-930-6900.01,TRANS FROM GENERAL FUND,500000
203-930-6900.06,TRANS FROM SPECIAL ASSESSMENT FUND,0
203-930-6900.11,TRANS FROM MUNICIPAL STREET FUND,1150000
203-930-6900.89,TRANS FROM GENERAL FUND (**OLD**),0
203-930-6900.98,TRANS FROM CAPITAL PROJ FUNDS,0
Total Dept 930 - TRANSFERS IN,,1650000
TOTAL REVENUES,,1650000
Expenditures,,
Dept 965 - TRANSFERS OUT,,
203-965-9950.05,TRANS TO MERF FUND,0
Total Dept 965 - TRANSFERS OUT,,0
TOTAL EXPENDITURES,,0
Fund 203 - LOCAL STREET FUND:,,
TOTAL REVENUES,,1650000
TOTAL EXPENDITURES,,0
NET OF REVENUES & EXPENDITURES,,1650000
Fund 204 - MUNICIPAL STREET FUND,,
Revenues,,
Dept 930 - TRANSFERS IN,,
204-930-6900.01,TRANS FROM GENERAL FUND,500000
204-930-6900.06,TRANS FROM SPECIAL ASSESSMENT FUND,10995.5
Total Dept 930 - TRANSFERS IN,,510995.5
TOTAL REVENUES,,510995.5
Expenditures,,
Dept 965 - TRANSFERS OUT,,
204-965-9950.02,TRANS TO MAJOR STREET FUND,0
204-965-9950.03,TRANS TO LOCAL STREET FUND,1150000
Total Dept 965 - TRANSFERS OUT,,1150000
TOTAL EXPENDITURES,,1150000
Fund 204 - MUNICIPAL STREET FUND:,,
TOTAL REVENUES,,510995.5
TOTAL EXPENDITURES,,1150000
NET OF REVENUES & EXPENDITURES,,-639004.5
Fund 286 - FED-AMERICAN RESCUE PLAN ACT,,
Expenditures,,
Dept 965 - TRANSFERS OUT,,
286-965-9950.01,TRANS TO GENERAL FUND,76965
286-965-9950.04,TRANS TO WATER/SEWER FUND,250000
286-965-9950.05,TRANS TO MERF FUND,168495
286-965-9950.98,TRANS TO CAPITAL PROJ FUND,0
Total Dept 965 - TRANSFERS OUT,,495460
TOTAL EXPENDITURES,,495460
Fund 286 - FED-AMERICAN RESCUE PLAN ACT:,,
TOTAL REVENUES,,0
TOTAL EXPENDITURES,,495460
NET OF REVENUES & EXPENDITURES,,-495460
Fund 408 - PARKS CAPITAL PROJECT FUND,,
Revenues,,
Dept 930 - TRANSFERS IN,,
408-930-6900.01,TRANS FROM GENERAL FUND,70000
408-930-6900.08,TRANSFER FROM ARPA,0
Total Dept 930 - TRANSFERS IN,,70000
TOTAL REVENUES,,70000
Fund 408 - PARKS CAPITAL PROJECT FUND:,,
TOTAL REVENUES,,70000
TOTAL EXPENDITURES,,0
NET OF REVENUES & EXPENDITURES,,70000
Fund 592 - WATER & SEWER FUND,,
Revenues,,
Dept 930 - TRANSFERS IN,,
592-930-6900.01,TRANS FROM GENERAL FUND,0
592-930-6900.08,TRANSFER FROM ARPA,250000
592-930-6900.98,TRANS FROM CAPITAL PROJ FUNDS,0
Total Dept 930 - TRANSFERS IN,,250000
TOTAL REVENUES,,250000
Expenditures,,
Dept 965 - TRANSFERS OUT,,
592-965-9950.05,TRANS TO MERF FUND,0
Total Dept 965 - TRANSFERS OUT,,0
TOTAL EXPENDITURES,,0
Fund 592 - WATER & SEWER FUND:,,
TOTAL REVENUES,,250000
TOTAL EXPENDITURES,,0
NET OF REVENUES & EXPENDITURES,,250000
Fund 677 - HEALTH CARE FUND,,
Expenditures,,
Dept 965 - TRANSFERS OUT,,
677-965-9950.07,TRANS TO OPEB TRUST FUND,136000
Total Dept 965 - TRANSFERS OUT,,136000
TOTAL EXPENDITURES,,136000
Fund 677 - HEALTH CARE FUND:,,
TOTAL REVENUES,,0
TOTAL EXPENDITURES,,136000
NET OF REVENUES & EXPENDITURES,,-136000
Fund 692 - MOTOR EQUIPMENT REVOLVING FUND,,
Revenues,,
Dept 930 - TRANSFERS IN,,
692-930-6900.01,TRANS FROM GENERAL FUND,0
692-930-6900.03,TRANS FROM LOCAL STREET FUND,0
692-930-6900.04,TRANS FROM WATER/SEWER FUND,0
692-930-6900.09,TRANS INCOME-FROM CAP ASSET PURCHASE,168495
692-930-6900.98,TRANS FROM CAPITAL PROJ FUNDS,0
Total Dept 930 - TRANSFERS IN,,168495
TOTAL REVENUES,,168495
Fund 692 - MOTOR EQUIPMENT REVOLVING FUND:,,
TOTAL REVENUES,,168495
TOTAL EXPENDITURES,,0
NET OF REVENUES & EXPENDITURES,,168495
Fund 731 - RETIREMENT SYSTEM FUND,,
Revenues,,
Dept 560 - GENERAL ADMINISTRATION,,
731-560-6900.01,TRANS FROM GENERAL FUND,1965045
Total Dept 560 - GENERAL ADMINISTRATION,,1965045
TOTAL REVENUES,,1965045
Fund 731 - RETIREMENT SYSTEM FUND:,,
TOTAL REVENUES,,1965045
TOTAL EXPENDITURES,,0
NET OF REVENUES & EXPENDITURES,,1965045
Fund 810 - SPECIAL ASSESSMENT FUND,,
Expenditures,,
Dept 965 - TRANSFERS OUT,,
810-965-9950.02,TRANS TO MAJOR STREET FUND,0
810-965-9950.03,TRANS TO LOCAL STREET FUND,0
810-965-9950.11,TRANS TO MUNICIPAL STREET FUND,10995.5
Total Dept 965 - TRANSFERS OUT,,10995.5
TOTAL EXPENDITURES,,10995.5
Fund 810 - SPECIAL ASSESSMENT FUND:,,
TOTAL REVENUES,,0
TOTAL EXPENDITURES,,10995.5
NET OF REVENUES & EXPENDITURES,,-10995.5
