Check Date,Check,Vendor,Vendor Name,Invoice Vendor,Amount,,Status
12/05/2024,,GR COMMUNI,GRAND RAPIDS COMMUNITY COLLEGE ,GRAND RAPIDS COMMUNITY COLLEGE ,2656.03,,Cleared
12/05/2024,,HAMMERSMIT,HAMMERSMITH EQUIPMENT CO INC,HAMMERSMITH EQUIPMENT CO INC,82.25,,Cleared
12/05/2024,,INTERURBAN,INTERURBAN TRANSIT PARTNERS,INTERURBAN TRANSIT PARTNERS,2185.81,,Cleared
12/05/2024,,KC TREASUR,KENT COUNTY TREASURER ,KENT COUNTY TREASURER ,15823.59,,Cleared
12/05/2024,,KENT INTER,KENT INTERMEDIATE SCHOOL DISTRICT,KENT INTERMEDIATE SCHOOL DISTRICT,8464.35,,Cleared
12/05/2024,,LAWSON PRO,LAWSON PRODUCTS INC,LAWSON PRODUCTS INC,67,,Cleared
12/05/2024,,MODEL FIRS,MODEL COVERALL SERVICE INC,MODEL COVERALL SERVICE INC,902.17,,Cleared
12/05/2024,,ON DUTY GE,ON DUTY GEAR LLC ,ON DUTY GEAR LLC ,4150,,Cleared
12/05/2024,,ORGANICYCL,ORGANICYCLE LLC,ORGANICYCLE LLC,780,,Cleared
12/05/2024,,PLEUNE SER,PLEUNE SERVICE COMPANY INC,PLEUNE SERVICE COMPANY INC,7729.2,,Cleared
12/05/2024,,PREIN NEWH,PREIN & NEWHOF ,PREIN & NEWHOF ,20,,Cleared
12/05/2024,,REHMANN,REHMANN TECHNOLOGY SOLUTIONS,REHMANN TECHNOLOGY SOLUTIONS,919.52,,Cleared
12/05/2024,,SABO PUBLI,SABO PUBLIC RELATIONS LLC,SABO PUBLIC RELATIONS LLC,11798,,Cleared
12/05/2024,,VANMANEN,"VMJH, LLC","VMJH, LLC",2013.84,,Cleared
12/12/2024,,CAREERBUIL,ACCURATE EMPLOYMENT SCREENING LLC,ACCURATE EMPLOYMENT SCREENING LLC,42.99,,Cleared
12/12/2024,,BADGER MET,BADGER METER,BADGER METER,46.06,,Cleared
12/12/2024,,CIVICPLUS,CIVICPLUS ,CIVICPLUS ,274.52,,Cleared
12/12/2024,,"EWING,SHEI",SHEILA EWING,SHEILA EWING,90,,Cleared
12/12/2024,,FUEL MGMT ,FLYERS ENERGY LLC,FLYERS ENERGY LLC,38.15,,Cleared
12/12/2024,,HALVERSON ,HALVERSON ENGINEERING LLC,HALVERSON ENGINEERING LLC,12287.5,,Cleared
12/12/2024,,HYDROCORP,HYDROCORP,HYDROCORP,380,,Cleared
12/12/2024,,"IVY,BENJAM",BENJAMIN S  IVY,BENJAMIN S  IVY,148,,Cleared
12/12/2024,,KCCA,KENT COUNTY CLERKS ASSN,KENT COUNTY CLERKS ASSN,80,,Cleared
12/12/2024,,"LEE,STEVEN",STEVEN D LEE,STEVEN D LEE,232,,Cleared
12/12/2024,,LESLIES PO,LESLIE'S POOL SUPPLIES INC,LESLIE'S POOL SUPPLIES INC,38.2,,Cleared
12/12/2024,,LEXISNEXIS,LEXISNEXIS RISK SOLUTIONS,LEXISNEXIS RISK SOLUTIONS,200,,Cleared
12/12/2024,,"LUCAS,G SR",GREGORY LUCAS SR,GREGORY LUCAS SR,464,,Cleared
12/12/2024,,"MARSHALL,K",KARL L MARSHALL,KARL L MARSHALL,58,,Cleared
12/12/2024,,MOORE BRUG,MOORE & BRUGGINK INC ,MOORE & BRUGGINK INC ,11736.14,,Cleared
12/12/2024,,BCM ONE,BCM ONE,BCM ONE,590.63,,Cleared
12/12/2024,,PLB PLANNI,PLB PLANNING GROUP LLC,PLB PLANNING GROUP LLC,4690.18,,Cleared
12/12/2024,,SABO PUBLI,SABO PUBLIC RELATIONS LLC,SABO PUBLIC RELATIONS LLC,6561.25,,Cleared
12/12/2024,,"SLATER,PAM",PAMELA E SLATER,PAMELA E SLATER,12.67,,Cleared
12/12/2024,,THORNAPPLE,THORNAPPLE INC,THORNAPPLE INC,4197.67,,Cleared
12/12/2024,,VARNUM LLP,VARNUM LLP,VARNUM LLP,17000,,Cleared
12/12/2024,,VREDEVELD ,VREDEVELD HAEFNER LLC ,VREDEVELD HAEFNER LLC ,5000,,Cleared
12/12/2024,,W MI INTER,WEST MICHIGAN INTERNATIONAL ,WEST MICHIGAN INTERNATIONAL ,632.42,,Cleared
12/31/2024,,FIFTH THIR,FIFTH THIRD BANK,EVERON ,50719.12,,Cleared
12/31/2024,,FIFTH THIR,VOID,,0,V,Cleared
,,,Void Reason: Created From Check Run Process,,,,
12/31/2024,,FIFTH THIR,VOID,,0,V,Cleared
,,,Void Reason: Created From Check Run Process,,,,
12/31/2024,,FIFTH THIR,VOID,,0,V,Cleared
,,,Void Reason: Created From Check Run Process,,,,
12/31/2024,,FIFTH THIR,VOID,,0,V,Cleared
,,,Void Reason: Created From Check Run Process,,,,
12/31/2024,,FIFTH THIR,VOID,,0,V,Cleared
,,,Void Reason: Created From Check Run Process,,,,
12/31/2024,,FIFTH THIR,VOID,,0,V,Cleared
,,,Void Reason: Created From Check Run Process,,,,
12/19/2024,,ACTION CHE,ACTION CHEMICAL INC,ACTION CHEMICAL INC,791.57,,Cleared
12/19/2024,,"ANDERSON,S",SPENCER ANDERSON,SPENCER ANDERSON,90,,Cleared
12/19/2024,,BEAVER RES,BEAVER RESEARCH COMPANY,BEAVER RESEARCH COMPANY,408.25,,Cleared
12/19/2024,,COMCATE,COMCATE INC,COMCATE INC,1548.75,,Cleared
12/19/2024,,S HLTH OCC,COREWELL HEALTH OCCUPATIONAL HEALTH,COREWELL HEALTH OCCUPATIONAL HEALTH,144,,Cleared
12/19/2024,,CORP TECH,CORPORATE TECHNOLOGIES LLC,CORPORATE TECHNOLOGIES LLC,650,,Cleared
12/19/2024,,EGR PUBLIC,EGR PUBLIC SCHOOLS ,EGR PUBLIC SCHOOLS ,6853.46,,Cleared
12/19/2024,,EVERSTREAM,EVERSTREAM SOLUTIONS LLC,EVERSTREAM SOLUTIONS LLC,600,,Cleared
12/19/2024,,FIRST CHOI,FIRST CHOICE COFFEE SERVICES,FIRST CHOICE COFFEE SERVICES,371.25,,Cleared
12/19/2024,,GR ELECTRI,GR ELECTRIC INC,GR ELECTRIC INC,87,,Cleared
12/19/2024,,GR CITY TR,GRAND RAPIDS CITY TREASURER,GRAND RAPIDS CITY TREASURER,115885.16,,Cleared
12/19/2024,,GR COMMUNI,GRAND RAPIDS COMMUNITY COLLEGE ,GRAND RAPIDS COMMUNITY COLLEGE ,982.41,,Cleared
12/19/2024,,HALVERSON ,HALVERSON ENGINEERING LLC,HALVERSON ENGINEERING LLC,5292,,Cleared
12/19/2024,,HAMMERSMIT,HAMMERSMITH EQUIPMENT CO INC,HAMMERSMITH EQUIPMENT CO INC,1850,,Cleared
12/19/2024,,INTERURBAN,INTERURBAN TRANSIT PARTNERS,INTERURBAN TRANSIT PARTNERS,808.46,,Cleared
12/19/2024,,KC TREASUR,KENT COUNTY TREASURER ,KENT COUNTY TREASURER ,195930.21,,Cleared
12/19/2024,,KENT INTER,KENT INTERMEDIATE SCHOOL DISTRICT,KENT INTERMEDIATE SCHOOL DISTRICT,3130.81,,Cleared
12/19/2024,,LAWSON PRO,LAWSON PRODUCTS INC,LAWSON PRODUCTS INC,702.27,,Cleared
12/19/2024,,"LEE,STEVEN",STEVEN D LEE,STEVEN D LEE,116,,Cleared
12/19/2024,,"LUCAS,G SR",GREGORY LUCAS SR,GREGORY LUCAS SR,348,,Cleared
12/19/2024,,"MARSHALL,K",KARL L MARSHALL,KARL L MARSHALL,180,,Cleared
12/19/2024,,MI PIPE,MICHIGAN PIPE & VALVE,MICHIGAN PIPE & VALVE,888,,Cleared
12/19/2024,,MODEL FIRS,MODEL COVERALL SERVICE INC,MODEL COVERALL SERVICE INC,482.94,,Cleared
12/19/2024,,NATIONAL O,NATIONAL OUTDOOR FURNITURE INC,NATIONAL OUTDOOR FURNITURE INC,6848,,Cleared
12/19/2024,,ON DUTY GE,ON DUTY GEAR LLC ,ON DUTY GEAR LLC ,2917.78,,Cleared
12/19/2024,,PREIN NEWH,PREIN & NEWHOF ,PREIN & NEWHOF ,20,,Cleared
12/19/2024,,PROGRESSIV,PROGRESSIVE AE INC,PROGRESSIVE AE INC,23745.5,,Cleared
12/19/2024,,RED WING,RED WING BUSINESS ADVANTAGE ACCT,RED WING BUSINESS ADVANTAGE ACCT,319.49,,Cleared
12/19/2024,,"SLATER,PAM",PAMELA E SLATER,PAMELA E SLATER,12.6,,Cleared
12/19/2024,,SRNB DANCE,SRNB DANCE ACADEMY LLC,SRNB DANCE ACADEMY LLC,968,,Cleared
12/19/2024,,SUPERIOR A,SUPERIOR ASPHALT INC,SUPERIOR ASPHALT INC,930,,Cleared
12/19/2024,,VANMANEN,"VMJH, LLC","VMJH, LLC",3497.4,,Cleared
12/19/2024,,LITTLE BLA,LITTLE BLACK BOOTH,LITTLE BLACK BOOTH,350,,Cleared
12/27/2024,,CONSUMERS,CONSUMERS ENERGY ,CONSUMERS ENERGY ,4695.79,,Cleared
12/27/2024,,S HLTH OCC,COREWELL HEALTH OCCUPATIONAL HEALTH,COREWELL HEALTH OCCUPATIONAL HEALTH,48,,Cleared
12/27/2024,,FUEL MGMT ,FLYERS ENERGY LLC,FLYERS ENERGY LLC,68.69,,Cleared
12/27/2024,,KENT DISTR,KENT DISTRICT LIBRARY ,KENT DISTRICT LIBRARY ,107188.85,,Cleared
12/27/2024,,"LAND,ADRIA",ADRIANE LAND,ADRIANE LAND,44.82,,Cleared
12/27/2024,,"LEE,STEVEN",STEVEN D LEE,STEVEN D LEE,116,,Cleared
12/27/2024,,"LUCAS,G SR",GREGORY LUCAS SR,GREGORY LUCAS SR,116,,Cleared
12/27/2024,,NATIONAL O,NATIONAL OUTDOOR FURNITURE INC,NATIONAL OUTDOOR FURNITURE INC,6848,,Cleared
12/27/2024,,PLEUNE SER,PLEUNE SERVICE COMPANY INC,PLEUNE SERVICE COMPANY INC,1730.52,,Cleared
12/27/2024,,PREIN NEWH,PREIN & NEWHOF ,PREIN & NEWHOF ,20,,Cleared
12/26/2024,,CITY/EGRWT,CITY OF EAST GRAND RAPIDS/WTR BILLS,CITY OF EAST GRAND RAPIDS/WTR BILLS,2098.02,,Cleared
01/03/2025,,BCM ONE,BCM ONE,BCM ONE,599.02,,Cleared
01/03/2025,,CORBY ENER,CORBY ENERGY SERVICES INC,CORBY ENERGY SERVICES INC,159282.66,,Cleared
01/03/2025,,"DEJONGE,JE",JEFFERY DEJONGE,JEFFERY DEJONGE,50,,Cleared
01/03/2025,,DELL MARKE,DELL MARKETING LP,DELL MARKETING LP,5816.78,,Cleared
01/03/2025,,ESO SOLUTI,ESO SOLUTIONS INC,ESO SOLUTIONS INC,4098.25,,Cleared
01/03/2025,,GR ELECTRI,GR ELECTRIC INC,GR ELECTRIC INC,327.5,,Cleared
01/03/2025,,HYDROCORP,HYDROCORP,HYDROCORP,380,,Cleared
01/03/2025,,KCCA,KENT COUNTY CLERKS ASSN,KENT COUNTY CLERKS ASSN,25,,Cleared
01/03/2025,,MISS DIG S,MISS DIG SYSTEM INC ,MISS DIG SYSTEM INC ,3426.25,,Cleared
01/03/2025,,PITNEY B-P,PITNEY BOWES PURCHASE POWER,PITNEY BOWES PURCHASE POWER,83.07,,Cleared
01/03/2025,,PLB PLANNI,PLB PLANNING GROUP LLC,PLB PLANNING GROUP LLC,4883.7,,Cleared
01/03/2025,,REHMANN,REHMANN TECHNOLOGY SOLUTIONS,REHMANN TECHNOLOGY SOLUTIONS,1101.36,,Cleared
01/03/2025,,VANMANEN,"VMJH, LLC","VMJH, LLC",2283.36,,Cleared
01/03/2025,,WATKINS RO,WATKINS ROSS & CO,WATKINS ROSS & CO,7250,,Cleared
01/02/2025,,CITY/EGRWT,CITY OF EAST GRAND RAPIDS/WTR BILLS,CITY OF EAST GRAND RAPIDS/WTR BILLS,1112.14,,Cleared
01/02/2025,,DTE,DTE ENERGY ,DTE ENERGY ,13064.54,,Cleared
01/09/2025,,BADGER MET,BADGER METER,BADGER METER,46.06,,Cleared
01/09/2025,,C&S SOLUTI,C&S SOLUTIONS INC,C&S SOLUTIONS INC,787.73,,Cleared
01/09/2025,,CIVICPLUS,CIVICPLUS ,CIVICPLUS ,386.88,,Cleared
01/09/2025,,CONSUMERS,CONSUMERS ENERGY ,CONSUMERS ENERGY ,16613.83,,Cleared
01/09/2025,,S HLTH OCC,COREWELL HEALTH OCCUPATIONAL HEALTH,COREWELL HEALTH OCCUPATIONAL HEALTH,268,,Cleared
01/09/2025,,"DANNAH,DAR",DARREN M DANNAH,DARREN M DANNAH,9.74,,Cleared
01/09/2025,,"DEGRAAF,MI",MICHAEL DEGRAAF,MICHAEL DEGRAAF,19.14,,Cleared
01/09/2025,,EGR PUBLIC,EGR PUBLIC SCHOOLS ,EGR PUBLIC SCHOOLS ,11596.47,,Cleared
01/09/2025,,FIRST STOP,FIRST STOP HEALTH,FIRST STOP HEALTH,705.6,,Cleared
01/09/2025,,FISHBECK,FISHBECK,FISHBECK,123.75,,Cleared
01/09/2025,,FUEL MGMT ,FLYERS ENERGY LLC,FLYERS ENERGY LLC,155.68,,Cleared
01/09/2025,,GR COMMUNI,GRAND RAPIDS COMMUNITY COLLEGE ,GRAND RAPIDS COMMUNITY COLLEGE ,1662.31,,Cleared
01/09/2025,,HALVERSON ,HALVERSON ENGINEERING LLC,HALVERSON ENGINEERING LLC,7813.5,,Cleared
01/09/2025,,INTERURBAN,INTERURBAN TRANSIT PARTNERS,INTERURBAN TRANSIT PARTNERS,1368.02,,Cleared
01/09/2025,,"KELLEY,JON",JON KELLEY,JON KELLEY,14.3,,Cleared
01/09/2025,,KC TREASUR,KENT COUNTY TREASURER ,KENT COUNTY TREASURER ,895830.89,,Cleared
01/09/2025,,KENT DISTR,KENT DISTRICT LIBRARY ,KENT DISTRICT LIBRARY ,499595.04,,Cleared
01/09/2025,,KENT INTER,KENT INTERMEDIATE SCHOOL DISTRICT,KENT INTERMEDIATE SCHOOL DISTRICT,5297.53,,Cleared
01/09/2025,,"KORTGE,SEA",SEAN KORTGE,SEAN KORTGE,9.42,,Cleared
01/09/2025,,LAWSON PRO,LAWSON PRODUCTS INC,LAWSON PRODUCTS INC,362.94,,Cleared
01/09/2025,,MADISON NA,MADISON NATIONAL LIFE INS CO INC,MADISON NATIONAL LIFE INS CO INC,3289.79,,Cleared
01/09/2025,,MODEL FIRS,MODEL COVERALL SERVICE INC,MODEL COVERALL SERVICE INC,590.41,,Cleared
01/09/2025,,"PALMER,MAT",MATTHEW PALMER,MATTHEW PALMER,284.8,,Cleared
01/09/2025,,PREIN NEWH,PREIN & NEWHOF ,PREIN & NEWHOF ,20,,Cleared
01/09/2025,,THE FLYING,THE FLYING LOCKSMITHS - W MI,THE FLYING LOCKSMITHS - W MI,915.94,,Cleared
01/09/2025,,THORNAPPLE,THORNAPPLE INC,THORNAPPLE INC,4197.67,,Cleared
01/09/2025,,VANMANEN,"VMJH, LLC","VMJH, LLC",1940.25,,Cleared
01/08/2025,,DTE,DTE ENERGY ,DTE ENERGY ,1305.99,,Cleared
01/08/2025,,ORACLE,ORACLE AMERICA INC,ORACLE AMERICA INC,865.08,,Cleared
01/09/2025,,LEXISNEXIS,LEXISNEXIS RISK SOLUTIONS,LEXISNEXIS RISK SOLUTIONS,200,,Cleared
01/16/2025,,ACTION CHE,ACTION CHEMICAL INC,ACTION CHEMICAL INC,828.33,,Cleared
01/16/2025,,EGR PUBLIC,EGR PUBLIC SCHOOLS ,EGR PUBLIC SCHOOLS ,7892.73,,Cleared
01/16/2025,,EVERSTREAM,EVERSTREAM SOLUTIONS LLC,EVERSTREAM SOLUTIONS LLC,600,,Cleared
01/16/2025,,FIRST CHOI,FIRST CHOICE COFFEE SERVICES,FIRST CHOICE COFFEE SERVICES,478.06,,Cleared
01/16/2025,,GR CITY TR,GRAND RAPIDS CITY TREASURER,GRAND RAPIDS CITY TREASURER,131414.38,,Cleared
01/16/2025,,GR COMMUNI,GRAND RAPIDS COMMUNITY COLLEGE ,GRAND RAPIDS COMMUNITY COLLEGE ,1030,,Cleared
01/16/2025,,GZA GEOENV,GZA GEOENVIRONMENTAL INC,GZA GEOENVIRONMENTAL INC,4894.8,,Cleared
01/16/2025,,INTERURBAN,INTERURBAN TRANSIT PARTNERS,INTERURBAN TRANSIT PARTNERS,847.63,,Cleared
01/16/2025,,KC TREASUR,KENT COUNTY TREASURER ,KENT COUNTY TREASURER ,137254.19,,Cleared
01/16/2025,,KENT DISTR,KENT DISTRICT LIBRARY ,KENT DISTRICT LIBRARY ,73939.85,,Cleared
01/16/2025,,KENT INTER,KENT INTERMEDIATE SCHOOL DISTRICT,KENT INTERMEDIATE SCHOOL DISTRICT,3282.5,,Cleared
01/16/2025,,KUSTOM SIG,KUSTOM SIGNALS INC ,KUSTOM SIGNALS INC ,441,,Cleared
01/16/2025,,ON DUTY GE,ON DUTY GEAR LLC ,ON DUTY GEAR LLC ,2850,,Cleared
01/16/2025,,SABO PUBLI,SABO PUBLIC RELATIONS LLC,SABO PUBLIC RELATIONS LLC,6593.65,,Cleared
01/16/2025,,"SLATER,PAM",PAMELA E SLATER,PAMELA E SLATER,13.77,,Cleared
01/16/2025,,VARNUM LLP,VARNUM LLP,VARNUM LLP,17000,,Cleared
01/16/2025,,KENT RECOR,VITAL RECORDS CONTROL,VITAL RECORDS CONTROL,300.93,,Cleared
01/23/2025,,CORP TECH,CORPORATE TECHNOLOGIES LLC,CORPORATE TECHNOLOGIES LLC,650,,Cleared
01/23/2025,,CUSTER OFF,CUSTER WORKPLACE INTERIORS,CUSTER WORKPLACE INTERIORS,285,,Cleared
01/23/2025,,DORNBOS SI,DORNBOS SIGN & SAFETY INC ,DORNBOS SIGN & SAFETY INC ,3097.7,,Cleared
01/23/2025,,FUEL MGMT ,FLYERS ENERGY LLC,FLYERS ENERGY LLC,107.82,,Cleared
01/23/2025,,GROUNDHAWG,GROUNDHAWG EXCAVATING & LANDSCAPING,GROUNDHAWG EXCAVATING & LANDSCAPING,53201.86,,Cleared
01/23/2025,,MIERAS WOR,MIERAS WORK & COMFORT SHOES ,MIERAS WORK & COMFORT SHOES ,586.5,,Cleared
01/23/2025,,POWERVAC,POWERVAC,POWERVAC,22372,,Cleared
01/23/2025,,PROGRESSIV,PROGRESSIVE AE INC,PROGRESSIVE AE INC,4359.74,,Cleared
01/23/2025,,RED WING,RED WING BUSINESS ADVANTAGE ACCT,RED WING BUSINESS ADVANTAGE ACCT,1538.95,,Cleared
01/23/2025,,SUPERIOR A,SUPERIOR ASPHALT INC,SUPERIOR ASPHALT INC,1240,,Cleared
01/23/2025,,VANMANEN,"VMJH, LLC","VMJH, LLC",2949.21,,Cleared
01/31/2025,,FIFTH THIR,FIFTH THIRD BANK,EVERON ,44358.1,,Cleared
01/31/2025,,FIFTH THIR,VOID,,0,V,Cleared
,,,Void Reason: Created From Check Run Process,,,,
01/31/2025,,FIFTH THIR,VOID,,0,V,Cleared
,,,Void Reason: Created From Check Run Process,,,,
01/31/2025,,FIFTH THIR,VOID,,0,V,Cleared
,,,Void Reason: Created From Check Run Process,,,,
01/31/2025,,FIFTH THIR,VOID,,0,V,Cleared
,,,Void Reason: Created From Check Run Process,,,,
01/31/2025,,FIFTH THIR,VOID,,0,V,Cleared
,,,Void Reason: Created From Check Run Process,,,,
01/31/2025,,FIFTH THIR,VOID,,0,V,Cleared
,,,Void Reason: Created From Check Run Process,,,,
01/31/2025,,FIFTH THIR,VOID,,0,V,Cleared
,,,Void Reason: Created From Check Run Process,,,,
01/30/2025,,BEAVER RES,BEAVER RESEARCH COMPANY,BEAVER RESEARCH COMPANY,468.2,,Cleared
01/30/2025,,CONSUMERS,CONSUMERS ENERGY ,CONSUMERS ENERGY ,14757.96,,Cleared
01/30/2025,,S HLTH OCC,COREWELL HEALTH OCCUPATIONAL HEALTH,COREWELL HEALTH OCCUPATIONAL HEALTH,358,,Cleared
01/30/2025,,DORNBOS SI,DORNBOS SIGN & SAFETY INC ,DORNBOS SIGN & SAFETY INC ,74.54,,Cleared
01/30/2025,,GR ELECTRI,GR ELECTRIC INC,GR ELECTRIC INC,1050.75,,Cleared
01/30/2025,,GRAINGER,GRAINGER INC,GRAINGER INC,275.88,,Cleared
01/30/2025,,"HENRY,QUEN",QUENTIN HENRY,QUENTIN HENRY,120,,Cleared
01/30/2025,,"IVY,BENJAM",BENJAMIN S  IVY,BENJAMIN S  IVY,120,,Cleared
01/30/2025,,"LUCAS,G SR",GREGORY LUCAS SR,GREGORY LUCAS SR,232,,Cleared
01/30/2025,,MOORE BRUG,MOORE & BRUGGINK INC ,MOORE & BRUGGINK INC ,4257.8,,Cleared
01/30/2025,,PLEUNE SER,PLEUNE SERVICE COMPANY INC,PLEUNE SERVICE COMPANY INC,4491.19,,Cleared
01/30/2025,,REHMANN,REHMANN TECHNOLOGY SOLUTIONS,REHMANN TECHNOLOGY SOLUTIONS,1077.6,,Cleared
01/30/2025,,VARNUM LLP,VARNUM LLP,VARNUM LLP,4473.5,,Cleared
01/30/2025,,VANMANEN,"VMJH, LLC","VMJH, LLC",2383.89,,Cleared
01/29/2025,,CITY/EGRWT,CITY OF EAST GRAND RAPIDS/WTR BILLS,CITY OF EAST GRAND RAPIDS/WTR BILLS,3307.54,,Cleared
02/05/2025,,DTE,DTE ENERGY ,DTE ENERGY ,20746.8,,Cleared
02/06/2025,,CAREERBUIL,ACCURATE EMPLOYMENT SCREENING LLC,ACCURATE EMPLOYMENT SCREENING LLC,209.48,,Cleared
02/06/2025,,ACTION CHE,ACTION CHEMICAL INC,ACTION CHEMICAL INC,747.24,,Cleared
02/06/2025,,AMER WATER,AMERICAN WATER WORKS ASSOCIATION,AMERICAN WATER WORKS ASSOCIATION,431,,Cleared
02/06/2025,,"ANDEGEKO,R",RUTH ANDEGEKO,RUTH ANDEGEKO,60,,Cleared
02/06/2025,,BCM ONE,BCM ONE,BCM ONE,600.17,,Cleared
02/06/2025,,"BROWNEYE,C",CODY BROWNEYE,CODY BROWNEYE,128,,Cleared
02/06/2025,,COMCATE,COMCATE INC,COMCATE INC,1548.75,,Cleared
02/06/2025,,S HLTH OCC,COREWELL HEALTH OCCUPATIONAL HEALTH,COREWELL HEALTH OCCUPATIONAL HEALTH,140,,Cleared
02/06/2025,,CORWELL HE,COREWELL HEALTH W CLIENT BILLING,COREWELL HEALTH W CLIENT BILLING,100,,Cleared
02/06/2025,,EGR PUBLIC,EGR PUBLIC SCHOOLS ,EGR PUBLIC SCHOOLS ,10406.24,,Cleared
02/06/2025,,ADT COMMER,EVERON ,EVERON ,602.79,,Cleared
02/06/2025,,GR COMMUNI,GRAND RAPIDS COMMUNITY COLLEGE ,GRAND RAPIDS COMMUNITY COLLEGE ,1491.7,,Cleared
02/06/2025,,GROUNDHAWG,GROUNDHAWG EXCAVATING & LANDSCAPING,GROUNDHAWG EXCAVATING & LANDSCAPING,93107.44,,Cleared
02/06/2025,,HALVERSON ,HALVERSON ENGINEERING LLC,HALVERSON ENGINEERING LLC,10523.5,,Cleared
02/06/2025,,INTERURBAN,INTERURBAN TRANSIT PARTNERS,INTERURBAN TRANSIT PARTNERS,1227.59,,Cleared
02/06/2025,,KENT COUNT,KENT COUNTY ANIMAL SHELTER,KENT COUNTY ANIMAL SHELTER,306.8,,Cleared
02/06/2025,,KC TREASUR,KENT COUNTY TREASURER ,KENT COUNTY TREASURER ,186576.43,,Cleared
02/06/2025,,KENT DISTR,KENT DISTRICT LIBRARY ,KENT DISTRICT LIBRARY ,100201.99,,Cleared
02/06/2025,,KENT INTER,KENT INTERMEDIATE SCHOOL DISTRICT,KENT INTERMEDIATE SCHOOL DISTRICT,4753.79,,Cleared
02/06/2025,,LAWSON PRO,LAWSON PRODUCTS INC,LAWSON PRODUCTS INC,220.71,,Cleared
02/06/2025,,"LEE,STEVEN",STEVEN D LEE,STEVEN D LEE,116,,Cleared
02/06/2025,,LEXISNEXIS,LEXISNEXIS RISK SOLUTIONS,LEXISNEXIS RISK SOLUTIONS,200,,Cleared
02/06/2025,,"LUCAS,G SR",GREGORY LUCAS SR,GREGORY LUCAS SR,348,,Cleared
02/06/2025,,M&K CONSTR,M&K CONSTRUCTION SUPPLY LLC,M&K CONSTRUCTION SUPPLY LLC,11064.93,,Cleared
02/06/2025,,MADISON NA,MADISON NATIONAL LIFE INS CO INC,MADISON NATIONAL LIFE INS CO INC,3366.63,,Cleared
02/06/2025,,"MARSHALL,K",KARL L MARSHALL,KARL L MARSHALL,240,,Cleared
02/06/2025,,MODEL FIRS,MODEL COVERALL SERVICE INC,MODEL COVERALL SERVICE INC,877.88,,Cleared
02/06/2025,,PLB PLANNI,PLB PLANNING GROUP LLC,PLB PLANNING GROUP LLC,14108.87,,Cleared
02/06/2025,,PLEUNE SER,PLEUNE SERVICE COMPANY INC,PLEUNE SERVICE COMPANY INC,1868.72,,Cleared
02/06/2025,,PREIN NEWH,PREIN & NEWHOF ,PREIN & NEWHOF ,650,,Cleared
02/06/2025,,"SLATER,PAM",PAMELA E SLATER,PAMELA E SLATER,7.95,,Cleared
02/06/2025,,VARNUM LLP,VARNUM LLP,VARNUM LLP,478.5,,Cleared
02/06/2025,,VERIZON CO,VERIZON CONNECT,VERIZON CONNECT,259.7,,Cleared
02/06/2025,,VANMANEN,"VMJH, LLC","VMJH, LLC",4253.88,,Cleared
02/13/2025,,"ANDEGEKO,R",RUTH ANDEGEKO,RUTH ANDEGEKO,60,,Cleared
02/13/2025,,BADGER MET,BADGER METER,BADGER METER,46.53,,Cleared
02/13/2025,,MISTER CAR,CAR WASH PARTNERS LLC ,CAR WASH PARTNERS LLC ,281.6,,Cleared
02/13/2025,,CONSUMERS,CONSUMERS ENERGY ,CONSUMERS ENERGY ,30,,Cleared
02/13/2025,,S HLTH OCC,COREWELL HEALTH OCCUPATIONAL HEALTH,COREWELL HEALTH OCCUPATIONAL HEALTH,49,,Cleared
02/13/2025,,"CRAPSER,TI",TIMOTHY CRAPSER,TIMOTHY CRAPSER,185,,Cleared
02/13/2025,,"DUNN, ALEX",ALEXANDRA DUNN,ALEXANDRA DUNN,600,,Cleared
02/13/2025,,ADT COMMER,EVERON ,EVERON ,602.79,,Cleared
02/13/2025,,FUEL MGMT ,FLYERS ENERGY LLC,FLYERS ENERGY LLC,126.33,,Cleared
02/13/2025,,GR TECH,GRAND RAPIDS TECH,GRAND RAPIDS TECH,7164.65,,Cleared
02/13/2025,,HALVERSON ,HALVERSON ENGINEERING LLC,HALVERSON ENGINEERING LLC,210,,Cleared
02/13/2025,,HYDROCORP,HYDROCORP,HYDROCORP,380,,Cleared
02/13/2025,,"IVY,BENJAM",BENJAMIN S  IVY,BENJAMIN S  IVY,240,,Cleared
02/13/2025,,PRAETORIAN,LEXIPOL LLC,LEXIPOL LLC,2583.9,,Cleared
02/13/2025,,LITTLE BLA,LITTLE BLACK BOOTH,LITTLE BLACK BOOTH,300,,Cleared
02/13/2025,,"MARSHALL,K",KARL L MARSHALL,KARL L MARSHALL,240,,Cleared
02/13/2025,,MICHIGAN P,MICHIGAN PLANNERS INC,MICHIGAN PLANNERS INC,675.22,,Cleared
02/13/2025,,MOORE BRUG,MOORE & BRUGGINK INC ,MOORE & BRUGGINK INC ,2625.9,,Cleared
02/13/2025,,ON DUTY GE,ON DUTY GEAR LLC ,ON DUTY GEAR LLC ,1807.86,,Cleared
02/13/2025,,PENCHURA,PENCHURA LLC,PENCHURA LLC,2173,,Cleared
02/13/2025,,PLEUNE SER,PLEUNE SERVICE COMPANY INC,PLEUNE SERVICE COMPANY INC,2033.73,,Cleared
02/28/2025,,FIFTH THIR,FIFTH THIRD BANK,AMAZON,33789.75,,Cleared
02/28/2025,,FIFTH THIR,VOID,,0,V,Cleared
,,,Void Reason: Created From Check Run Process,,,,
02/28/2025,,FIFTH THIR,VOID,,0,V,Cleared
,,,Void Reason: Created From Check Run Process,,,,
02/28/2025,,FIFTH THIR,VOID,,0,V,Cleared
,,,Void Reason: Created From Check Run Process,,,,
02/28/2025,,FIFTH THIR,VOID,,0,V,Cleared
,,,Void Reason: Created From Check Run Process,,,,
02/28/2025,,FIFTH THIR,VOID,,0,V,Cleared
,,,Void Reason: Created From Check Run Process,,,,
02/28/2025,,FIFTH THIR,VOID,,0,V,Cleared
,,,Void Reason: Created From Check Run Process,,,,
02/20/2025,,"BLOCHER,NI",NICHOLAS BLOCHER,NICHOLAS BLOCHER,157.2,,Cleared
02/20/2025,,CDW GOVERN,CDW GOVERNMENT INC ,CDW GOVERNMENT INC ,323.12,,Cleared
02/20/2025,,CIVICPLUS,CIVICPLUS ,CIVICPLUS ,528.25,,Cleared
02/20/2025,,COMPASS MI,COMPASS MINERALS AMERICA,COMPASS MINERALS AMERICA,29736.22,,Cleared
02/20/2025,,CONSUMERS,CONSUMERS ENERGY ,CONSUMERS ENERGY ,14064.6,,Cleared
02/20/2025,,S HLTH OCC,COREWELL HEALTH OCCUPATIONAL HEALTH,COREWELL HEALTH OCCUPATIONAL HEALTH,560.2,,Cleared
02/20/2025,,EGR PUBLIC,EGR PUBLIC SCHOOLS ,EGR PUBLIC SCHOOLS ,18109.39,,Cleared
02/20/2025,,FIRST CHOI,FIRST CHOICE COFFEE SERVICES,FIRST CHOICE COFFEE SERVICES,544.18,,Cleared
02/20/2025,,FIRST STOP,FIRST STOP HEALTH,FIRST STOP HEALTH,714,,Cleared
02/20/2025,,GR CITY TR,GRAND RAPIDS CITY TREASURER,GRAND RAPIDS CITY TREASURER,158714.46,,Cleared
02/20/2025,,GR COMMUNI,GRAND RAPIDS COMMUNITY COLLEGE ,GRAND RAPIDS COMMUNITY COLLEGE ,2423.34,,Cleared
02/20/2025,,INTERURBAN,INTERURBAN TRANSIT PARTNERS,INTERURBAN TRANSIT PARTNERS,1994.32,,Cleared
02/20/2025,,KC TREASUR,KENT COUNTY TREASURER ,KENT COUNTY TREASURER ,438736.59,,Cleared
02/20/2025,,KENT DISTR,KENT DISTRICT LIBRARY ,KENT DISTRICT LIBRARY ,239270.16,,Cleared
02/20/2025,,KENT INTER,KENT INTERMEDIATE SCHOOL DISTRICT,KENT INTERMEDIATE SCHOOL DISTRICT,7722.96,,Cleared
02/20/2025,,"LEE,STEVEN",STEVEN D LEE,STEVEN D LEE,174,,Cleared
02/20/2025,,LESLIES PO,LESLIE'S POOL SUPPLIES INC,LESLIE'S POOL SUPPLIES INC,38.2,,Cleared
02/20/2025,,"LUCAS,G SR",GREGORY LUCAS SR,GREGORY LUCAS SR,174,,Cleared
02/20/2025,,MML WORKER,MML WORKERS COMP FUND,MML WORKERS COMP FUND,14895,,Cleared
02/20/2025,,PITNEY B-P,PITNEY BOWES PURCHASE POWER,PITNEY BOWES PURCHASE POWER,502.25,,Cleared
02/20/2025,,PROGRESSIV,PROGRESSIVE AE INC,PROGRESSIVE AE INC,3966.5,,Cleared
02/20/2025,,RED WING,RED WING BUSINESS ADVANTAGE ACCT,RED WING BUSINESS ADVANTAGE ACCT,656.98,,Cleared
02/20/2025,,"SYMKO,EMIL",EMILY SYMKO,EMILY SYMKO,123.1,,Cleared
02/20/2025,,VARNUM LLP,VARNUM LLP,VARNUM LLP,17000,,Cleared
02/20/2025,,VANMANEN,"VMJH, LLC","VMJH, LLC",2042.33,,Cleared
02/20/2025,,"WILEY,KEN",KEN WILEY,KEN WILEY,20,,Cleared
02/26/2025,,CITY/EGRWT,CITY OF EAST GRAND RAPIDS/WTR BILLS,CITY OF EAST GRAND RAPIDS/WTR BILLS,3284.4,,Cleared
02/27/2025,,"BASSETT,AD",ADAM BASSETT ,ADAM BASSETT ,167,,Cleared
02/27/2025,,"BUIKEMA,RI",RIC BUIKEMA,RIC BUIKEMA,201,,Cleared
02/27/2025,,"COFFEY,SAR",SARA COFFEY,SARA COFFEY,50.23,,Cleared
02/27/2025,,CONSUMERS,CONSUMERS ENERGY ,CONSUMERS ENERGY ,10105.44,,Cleared
02/27/2025,,S HLTH OCC,COREWELL HEALTH OCCUPATIONAL HEALTH,COREWELL HEALTH OCCUPATIONAL HEALTH,346.13,,Cleared
02/27/2025,,CORP TECH,CORPORATE TECHNOLOGIES LLC,CORPORATE TECHNOLOGIES LLC,650,,Cleared
02/27/2025,,DICKINSON ,DICKINSON WRIGHT PLLC,DICKINSON WRIGHT PLLC,16750,,Cleared
02/27/2025,,FUEL MGMT ,FLYERS ENERGY LLC,FLYERS ENERGY LLC,36.38,,Cleared
02/27/2025,,GR ELECTRI,GR ELECTRIC INC,GR ELECTRIC INC,433,,Cleared
02/27/2025,,HALVERSON ,HALVERSON ENGINEERING LLC,HALVERSON ENGINEERING LLC,4893,,Cleared
02/27/2025,,HORROCKS N,HORROCKS NURSERY FARMS INC,HORROCKS NURSERY FARMS INC,38183.82,,Cleared
02/27/2025,,"LUCAS,G SR",GREGORY LUCAS SR,GREGORY LUCAS SR,116,,Cleared
02/27/2025,,MFCI,"MFCI, LLC","MFCI, LLC",14688,,Cleared
02/27/2025,,MODEL FIRS,MODEL COVERALL SERVICE INC,MODEL COVERALL SERVICE INC,684.41,,Cleared
02/27/2025,,ON DUTY GE,ON DUTY GEAR LLC ,ON DUTY GEAR LLC ,544.94,,Cleared
02/27/2025,,PLEUNE SER,PLEUNE SERVICE COMPANY INC,PLEUNE SERVICE COMPANY INC,1817.76,,Cleared
02/27/2025,,"SLATER,PAM",PAMELA E SLATER,PAMELA E SLATER,263.93,,Cleared
02/27/2025,,THE FLYING,THE FLYING LOCKSMITHS - W MI,THE FLYING LOCKSMITHS - W MI,190,,Cleared
02/27/2025,,THE SAFETY,"THE SAFETY COMPANY, LLC DBA MTECH","THE SAFETY COMPANY, LLC DBA MTECH",387.73,,Cleared
02/27/2025,,W MI INTER,WEST MICHIGAN INTERNATIONAL ,WEST MICHIGAN INTERNATIONAL ,504.88,,Cleared
03/05/2025,,DTE,DTE ENERGY ,DTE ENERGY ,18564.85,,Cleared
03/06/2025,,"ANDEGEKO,R",RUTH ANDEGEKO,RUTH ANDEGEKO,120,,Cleared
03/06/2025,,"BRADLEY,JA",JASON BRADLEY,JASON BRADLEY,1432.48,,Cleared
03/06/2025,,S HLTH OCC,COREWELL HEALTH OCCUPATIONAL HEALTH,COREWELL HEALTH OCCUPATIONAL HEALTH,147,,Cleared
03/06/2025,,CORRPRO,CORRPRO COMPANIES INC,CORRPRO COMPANIES INC,650,,Cleared
03/06/2025,,EGR PUBLIC,EGR PUBLIC SCHOOLS ,EGR PUBLIC SCHOOLS ,2736.73,,Cleared
03/06/2025,,GR COMMUNI,GRAND RAPIDS COMMUNITY COLLEGE ,GRAND RAPIDS COMMUNITY COLLEGE ,392.3,,Cleared
03/06/2025,,INTERURBAN,INTERURBAN TRANSIT PARTNERS,INTERURBAN TRANSIT PARTNERS,322.86,,Cleared
03/06/2025,,"IVY,BENJAM",BENJAMIN S  IVY,BENJAMIN S  IVY,120,,Cleared
03/06/2025,,KC TREASUR,KENT COUNTY TREASURER ,KENT COUNTY TREASURER ,53639.67,,Cleared
03/06/2025,,KENT DISTR,KENT DISTRICT LIBRARY ,KENT DISTRICT LIBRARY ,28930.46,,Cleared
03/06/2025,,KENT INTER,KENT INTERMEDIATE SCHOOL DISTRICT,KENT INTERMEDIATE SCHOOL DISTRICT,1250.21,,Cleared
03/06/2025,,LAPLINK SO,"LAPLINK SOFTWARE, INC","LAPLINK SOFTWARE, INC",523.8,,Cleared
03/06/2025,,"LEE,STEVEN",STEVEN D LEE,STEVEN D LEE,464,,Cleared
03/06/2025,,LEXISNEXIS,LEXISNEXIS RISK SOLUTIONS,LEXISNEXIS RISK SOLUTIONS,200,,Cleared
03/06/2025,,"LINDNER,MA",MARK LINDNER,MARK LINDNER,16,,Cleared
03/06/2025,,"LUCAS,G SR",GREGORY LUCAS SR,GREGORY LUCAS SR,696,,Cleared
03/06/2025,,"MARSHALL,K",KARL L MARSHALL,KARL L MARSHALL,120,,Cleared
03/06/2025,,REHMANN,REHMANN TECHNOLOGY SOLUTIONS,REHMANN TECHNOLOGY SOLUTIONS,8985,,Cleared
03/06/2025,,SEILER INS,SEILER INSTRUMENT & MANUFACTURING,SEILER INSTRUMENT & MANUFACTURING,2047.5,,Cleared
03/06/2025,,SUPERIOR A,SUPERIOR ASPHALT INC,SUPERIOR ASPHALT INC,5425,,Cleared
03/06/2025,,US BANK,US BANK ,US BANK ,823800,,Cleared
03/06/2025,,VANMANEN,"VMJH, LLC","VMJH, LLC",3196.87,,Cleared
03/13/2025,,BADGER MET,BADGER METER,BADGER METER,46.53,,Cleared
03/13/2025,,CARLETON E,CARLETON EQUIPMENT COMPANY,CARLETON EQUIPMENT COMPANY,286.47,,Cleared
03/13/2025,,COMPASS MI,COMPASS MINERALS AMERICA,COMPASS MINERALS AMERICA,29673.97,,Cleared
03/13/2025,,CORBY ENER,CORBY ENERGY SERVICES INC,CORBY ENERGY SERVICES INC,219050,,Cleared
03/13/2025,,S HLTH OCC,COREWELL HEALTH OCCUPATIONAL HEALTH,COREWELL HEALTH OCCUPATIONAL HEALTH,91,,Cleared
03/13/2025,,"DUNN, ALEX",ALEXANDRA DUNN,ALEXANDRA DUNN,460,,Cleared
03/13/2025,,ECO-COUNTE,ECO-COUNTER INC,ECO-COUNTER INC,1485,,Cleared
03/13/2025,,EGR PUBLIC,EGR PUBLIC SCHOOLS ,EGR PUBLIC SCHOOLS ,796.36,,Cleared
03/13/2025,,ESO SOLUTI,ESO SOLUTIONS INC,ESO SOLUTIONS INC,1219.55,,Cleared
03/13/2025,,FIRE PROS,FIRE PROS INC ,FIRE PROS INC ,192.65,,Cleared
03/13/2025,,FIRST CHOI,FIRST CHOICE COFFEE SERVICES,FIRST CHOICE COFFEE SERVICES,284.58,,Cleared
03/13/2025,,FUEL MGMT ,FLYERS ENERGY LLC,FLYERS ENERGY LLC,93.62,,Cleared
03/13/2025,,GR ELECTRI,GR ELECTRIC INC,GR ELECTRIC INC,3955,,Cleared
03/13/2025,,HALVERSON ,HALVERSON ENGINEERING LLC,HALVERSON ENGINEERING LLC,5062.2,,Cleared
03/13/2025,,HAMMERSMIT,HAMMERSMITH EQUIPMENT CO INC,HAMMERSMITH EQUIPMENT CO INC,262.18,,Cleared
03/13/2025,,HYDROCORP,HYDROCORP,HYDROCORP,380,,Cleared
03/13/2025,,I3 BUSINES,I3 BUSINESS SOLUTIONS LLC,I3 BUSINESS SOLUTIONS LLC,371.25,,Cleared
03/13/2025,,"IVY,BENJAM",BENJAMIN S  IVY,BENJAMIN S  IVY,120,,Cleared
03/13/2025,,JACK DOHEN,JACK DOHENY COMPANIES INC,JACK DOHENY COMPANIES INC,803.9,,Cleared
03/13/2025,,MADISON NA,MADISON NATIONAL LIFE INS CO INC,MADISON NATIONAL LIFE INS CO INC,3516.43,,Cleared
03/13/2025,,"MARSHALL,K",KARL L MARSHALL,KARL L MARSHALL,120,,Cleared
03/13/2025,,MILLENNIA ,MILLENNIA TECHNOLOGIES,MILLENNIA TECHNOLOGIES,2942.7,,Cleared
03/13/2025,,ON DUTY GE,ON DUTY GEAR LLC ,ON DUTY GEAR LLC ,242.94,,Cleared
03/13/2025,,PLB PLANNI,PLB PLANNING GROUP LLC,PLB PLANNING GROUP LLC,5650.09,,Cleared
03/13/2025,,PLEUNE SER,PLEUNE SERVICE COMPANY INC,PLEUNE SERVICE COMPANY INC,2406.32,,Cleared
03/13/2025,,REHMANN,REHMANN TECHNOLOGY SOLUTIONS,REHMANN TECHNOLOGY SOLUTIONS,1077.6,,Cleared
03/13/2025,,SUPERIOR A,SUPERIOR ASPHALT INC,SUPERIOR ASPHALT INC,1317.5,,Cleared
03/13/2025,,VARNUM LLP,VARNUM LLP,VARNUM LLP,19058,,Cleared
03/13/2025,,VERIZON CO,VERIZON CONNECT,VERIZON CONNECT,259.7,,Cleared
03/13/2025,,KENT RECOR,VITAL RECORDS CONTROL,VITAL RECORDS CONTROL,300.93,,Cleared
03/13/2025,,VANMANEN,"VMJH, LLC","VMJH, LLC",1960.99,,Cleared
03/13/2025,,W MI INTER,WEST MICHIGAN INTERNATIONAL ,WEST MICHIGAN INTERNATIONAL ,316.67,,Cleared
03/20/2025,,"ANDERSON,S",SPENCER ANDERSON,SPENCER ANDERSON,150,,Cleared
03/20/2025,,"CANNON,SAR",SARAH CANNON,SARAH CANNON,32.79,,Cleared
03/20/2025,,CIVICPLUS,CIVICPLUS ,CIVICPLUS ,401.51,,Cleared
03/20/2025,,CONSUMERS,CONSUMERS ENERGY ,CONSUMERS ENERGY ,13740.68,,Cleared
03/20/2025,,CORP TECH,CORPORATE TECHNOLOGIES LLC,CORPORATE TECHNOLOGIES LLC,650,,Cleared
03/20/2025,,DIRECT FIT,DIRECT FITNESS SOLUTIONS,DIRECT FITNESS SOLUTIONS,11280,,Cleared
03/20/2025,,ADT COMMER,EVERON ,EVERON ,654,,Cleared
03/20/2025,,EVERSTREAM,EVERSTREAM SOLUTIONS LLC,EVERSTREAM SOLUTIONS LLC,1200,,Cleared
03/20/2025,,FIRST STOP,FIRST STOP HEALTH,FIRST STOP HEALTH,1428,,Cleared
03/20/2025,,GR CITY TR,GRAND RAPIDS CITY TREASURER,GRAND RAPIDS CITY TREASURER,119933.97,,Cleared
03/20/2025,,GROUNDHAWG,GROUNDHAWG EXCAVATING & LANDSCAPING,GROUNDHAWG EXCAVATING & LANDSCAPING,187790.19,,Cleared
03/20/2025,,HALVERSON ,HALVERSON ENGINEERING LLC,HALVERSON ENGINEERING LLC,5890.5,,Cleared
03/20/2025,,I3 BUSINES,I3 BUSINESS SOLUTIONS LLC,I3 BUSINESS SOLUTIONS LLC,1516.62,,Cleared
03/20/2025,,KC TREASUR,KENT COUNTY TREASURER ,KENT COUNTY TREASURER ,1.14,,Cleared
03/20/2025,,KENT DISTR,KENT DISTRICT LIBRARY ,KENT DISTRICT LIBRARY ,0.68,,Cleared
03/20/2025,,"KOLK,RICHA",RICHARD KOLK,RICHARD KOLK,32.79,,Cleared
03/20/2025,,MATERIALS,MATERIALS TESTING CONSULTANTS INC,MATERIALS TESTING CONSULTANTS INC,2053.5,,Cleared
03/20/2025,,MODEL FIRS,MODEL COVERALL SERVICE INC,MODEL COVERALL SERVICE INC,725.88,,Cleared
03/20/2025,,MOORE BRUG,MOORE & BRUGGINK INC ,MOORE & BRUGGINK INC ,3829.4,,Cleared
03/20/2025,,ORGANICYCL,ORGANICYCLE LLC,ORGANICYCLE LLC,780,,Cleared
03/20/2025,,PHOENIX SA,PHOENIX SAFETY OUTFITTERS LLC,PHOENIX SAFETY OUTFITTERS LLC,3570,,Cleared
03/20/2025,,PITNEY B-P,PITNEY BOWES PURCHASE POWER,PITNEY BOWES PURCHASE POWER,2532.25,,Cleared
03/20/2025,,PLEUNE SER,PLEUNE SERVICE COMPANY INC,PLEUNE SERVICE COMPANY INC,7095.79,,Cleared
03/20/2025,,VANMANEN,"VMJH, LLC","VMJH, LLC",2129.25,,Cleared
03/27/2025,,ACTION CHE,ACTION CHEMICAL INC,ACTION CHEMICAL INC,701.26,,Cleared
03/27/2025,,BCM ONE,BCM ONE,BCM ONE,598.94,,Cleared
03/27/2025,,"BRADLEY,JA",JASON BRADLEY,JASON BRADLEY,15.08,,Cleared
03/27/2025,,CDW GOVERN,CDW GOVERNMENT INC ,CDW GOVERNMENT INC ,1362.57,,Cleared
03/27/2025,,CHRISTOFFE,ROBIN CHRISTOFFERSEN,ROBIN CHRISTOFFERSEN,177.36,,Cleared
03/27/2025,,CUSTER OFF,CUSTER WORKPLACE INTERIORS,CUSTER WORKPLACE INTERIORS,5584.5,,Cleared
03/27/2025,,FIRE PROS,FIRE PROS INC ,FIRE PROS INC ,1263.1,,Cleared
03/27/2025,,FUEL MGMT ,FLYERS ENERGY LLC,FLYERS ENERGY LLC,71.9,,Cleared
03/27/2025,,GR ELECTRI,GR ELECTRIC INC,GR ELECTRIC INC,21514.75,,Cleared
03/27/2025,,GRAINGER,GRAINGER INC,GRAINGER INC,547.56,,Cleared
03/27/2025,,GREAT LK C,GREAT LAKES CLEANING SYSTEMS,GREAT LAKES CLEANING SYSTEMS,7990,,Cleared
03/27/2025,,"HAYES,STAC",STACEY HAYES,STACEY HAYES,424.3,,Cleared
03/27/2025,,I3 BUSINES,I3 BUSINESS SOLUTIONS LLC,I3 BUSINESS SOLUTIONS LLC,1555,,Cleared
03/27/2025,,LAWSON PRO,LAWSON PRODUCTS INC,LAWSON PRODUCTS INC,106.34,,Cleared
03/27/2025,,NW KENT ME,NORTHWEST KENT MECHANICAL CO,NORTHWEST KENT MECHANICAL CO,535,,Cleared
03/27/2025,,PLEUNE SER,PLEUNE SERVICE COMPANY INC,PLEUNE SERVICE COMPANY INC,158.5,,Cleared
03/27/2025,,POWERVAC,POWERVAC,POWERVAC,5100.5,,Cleared
03/27/2025,,REHMANN,REHMANN TECHNOLOGY SOLUTIONS,REHMANN TECHNOLOGY SOLUTIONS,1077.6,,Cleared
03/27/2025,,SDS MANAGE,SDS MANAGER INC,SDS MANAGER INC,672,,Cleared
03/27/2025,,SEAMANS ME,SEAMAN'S,SEAMAN'S,43997,,Cleared
03/27/2025,,SUPERIOR A,SUPERIOR ASPHALT INC,SUPERIOR ASPHALT INC,3565,,Cleared
03/27/2025,,TH BRANDS,TH BRANDS,TH BRANDS,2075,,Cleared
03/26/2025,,CITY/EGRWT,CITY OF EAST GRAND RAPIDS/WTR BILLS,CITY OF EAST GRAND RAPIDS/WTR BILLS,3214.59,,Cleared
03/31/2025,,FIFTH THIR,FIFTH THIRD BANK,ALRO STEEL CORPORATION,31510.71,,Cleared
03/31/2025,,FIFTH THIR,VOID,,0,V,Cleared
,,,Void Reason: Created From Check Run Process,,,,
03/31/2025,,FIFTH THIR,VOID,,0,V,Cleared
,,,Void Reason: Created From Check Run Process,,,,
03/31/2025,,FIFTH THIR,VOID,,0,V,Cleared
,,,Void Reason: Created From Check Run Process,,,,
03/31/2025,,FIFTH THIR,VOID,,0,V,Cleared
,,,Void Reason: Created From Check Run Process,,,,
03/31/2025,,FIFTH THIR,VOID,,0,V,Cleared
,,,Void Reason: Created From Check Run Process,,,,
03/31/2025,,FIFTH THIR,VOID,,0,V,Cleared
,,,Void Reason: Created From Check Run Process,,,,
04/03/2025,,BADGER MET,BADGER METER,BADGER METER,46.53,,Cleared
04/03/2025,,BUIST ELEC,BUIST ELECTRIC,BUIST ELECTRIC,265.5,,Cleared
04/03/2025,,CHRISTOFFE,ROBIN CHRISTOFFERSEN,ROBIN CHRISTOFFERSEN,22.53,,Cleared
04/03/2025,,CONSUMERS,CONSUMERS ENERGY ,CONSUMERS ENERGY ,9604.86,,Cleared
04/03/2025,,ETNA SUPPL,ETNA SUPPLY COMPANY,ETNA SUPPLY COMPANY,6674,,Cleared
04/03/2025,,FASTSIGNS,FASTSIGNS OF GRAND RAPIDS,FASTSIGNS OF GRAND RAPIDS,1136.19,,Cleared
04/03/2025,,FERGUSON E,FERGUSON ENTERPRISES #3386,FERGUSON ENTERPRISES #3386,5556.54,,Cleared
04/03/2025,,GREENLINE,GREENLINE SPORTS TURF,GREENLINE SPORTS TURF,585,,Cleared
04/03/2025,,HALVERSON ,HALVERSON ENGINEERING LLC,HALVERSON ENGINEERING LLC,5558.5,,Cleared
04/03/2025,,HAMMERSMIT,HAMMERSMITH EQUIPMENT CO INC,HAMMERSMITH EQUIPMENT CO INC,90,,Cleared
04/03/2025,,KC TREASUR,KENT COUNTY TREASURER ,KENT COUNTY TREASURER ,7.03,,Cleared
04/03/2025,,KENT DISTR,KENT DISTRICT LIBRARY ,KENT DISTRICT LIBRARY ,3.96,,Cleared
04/03/2025,,LAKESIDE A,LAKESIDE AGGREGATE LLC,LAKESIDE AGGREGATE LLC,300,,Cleared
04/03/2025,,LEXISNEXIS,LEXISNEXIS RISK SOLUTIONS,LEXISNEXIS RISK SOLUTIONS,200,,Cleared
04/03/2025,,MACQUEEN E,MACQUEEN ,MACQUEEN ,99.41,,Cleared
04/03/2025,,MADISON NA,MADISON NATIONAL LIFE INS CO INC,MADISON NATIONAL LIFE INS CO INC,3602.64,,Cleared
04/03/2025,,MML WORKER,MML WORKERS COMP FUND,MML WORKERS COMP FUND,12757,,Cleared
04/03/2025,,PIATT BRIC,PIATT BRICKZ LLC,PIATT BRICKZ LLC,1520,,Cleared
04/03/2025,,PROGRESSIV,PROGRESSIVE AE INC,PROGRESSIVE AE INC,5984.15,,Cleared
04/03/2025,,"SLATER,PAM",PAMELA E SLATER,PAMELA E SLATER,30,,Cleared
04/03/2025,,TH BRANDS,TH BRANDS,TH BRANDS,11267.29,,Cleared
04/03/2025,,THE FLYING,THE FLYING LOCKSMITHS - W MI,THE FLYING LOCKSMITHS - W MI,488,,Cleared
04/03/2025,,THORNAPPLE,THORNAPPLE INC,THORNAPPLE INC,8395.34,,Cleared
04/03/2025,,VANMANEN,"VMJH, LLC","VMJH, LLC",2286.75,,Cleared
04/03/2025,,"YORK,HEATH",HEATHER YORK,HEATHER YORK,102.63,,Cleared
04/02/2025,,DTE,DTE ENERGY ,DTE ENERGY ,16244.52,,Cleared
04/08/2025,,LOWES,LOWE'S ,LOWE'S ,4937.04,,Cleared
04/09/2025,,CAREERBUIL,ACCURATE EMPLOYMENT SCREENING LLC,ACCURATE EMPLOYMENT SCREENING LLC,35.95,,Cleared
04/09/2025,,FIRE PROS,FIRE PROS INC ,FIRE PROS INC ,1107.7,,Cleared
04/09/2025,,FUEL MGMT ,FLYERS ENERGY LLC,FLYERS ENERGY LLC,310.25,,Cleared
04/09/2025,,GROUNDHAWG,GROUNDHAWG EXCAVATING & LANDSCAPING,GROUNDHAWG EXCAVATING & LANDSCAPING,140237.95,,Cleared
04/09/2025,,HYDROCORP,HYDROCORP,HYDROCORP,380,,Cleared
04/09/2025,,KERKSTRA S,KERKSTRA SEPTIC TANK CLEANING,KERKSTRA SEPTIC TANK CLEANING,250,,Cleared
04/09/2025,,MACQUEEN E,MACQUEEN ,MACQUEEN ,192.13,,Cleared
04/09/2025,,PHOENIX SA,PHOENIX SAFETY OUTFITTERS LLC,PHOENIX SAFETY OUTFITTERS LLC,481,,Cleared
04/09/2025,,SUPERIOR A,SUPERIOR ASPHALT INC,SUPERIOR ASPHALT INC,465,,Cleared
04/09/2025,,VERIZON CO,VERIZON CONNECT,VERIZON CONNECT,259.7,,Cleared
04/09/2025,,VANMANEN,"VMJH, LLC","VMJH, LLC",111.73,,Cleared
04/16/2025,,BCM ONE,BCM ONE,BCM ONE,607.92,,Cleared
04/16/2025,,"BERG,CHRIS",CHRISTINA BERG,CHRISTINA BERG,112.7,,Cleared
04/16/2025,,CIVICPLUS,CIVICPLUS ,CIVICPLUS ,410.42,,Cleared
04/16/2025,,CONSUMERS,CONSUMERS ENERGY ,CONSUMERS ENERGY ,9769.48,,Cleared
04/16/2025,,S HLTH OCC,COREWELL HEALTH OCCUPATIONAL HEALTH,COREWELL HEALTH OCCUPATIONAL HEALTH,69,,Cleared
04/16/2025,,EGR PUBLIC,EGR PUBLIC SCHOOLS ,EGR PUBLIC SCHOOLS ,98701.37,,Cleared
04/16/2025,,ELEVATOR S,ELEVATOR SERVICE,ELEVATOR SERVICE,960,,Cleared
04/16/2025,,FIRST CHOI,FIRST CHOICE COFFEE SERVICES,FIRST CHOICE COFFEE SERVICES,660.6,,Cleared
04/16/2025,,GR ELECTRI,GR ELECTRIC INC,GR ELECTRIC INC,4891.75,,Cleared
04/16/2025,,I3 BUSINES,I3 BUSINESS SOLUTIONS LLC,I3 BUSINESS SOLUTIONS LLC,247.5,,Cleared
04/16/2025,,JO CLEANIN,JO CLEANING SERVICE,JO CLEANING SERVICE,11297,,Cleared
04/16/2025,,KENT COUNT,KENT COUNTY ANIMAL SHELTER,KENT COUNTY ANIMAL SHELTER,141.4,,Cleared
04/16/2025,,KC TREASUR,KENT COUNTY TREASURER ,KENT COUNTY TREASURER ,51596.8,,Cleared
04/16/2025,,NATL HOSE ,NATIONAL HOSE TESTG SPECIALTIES INC,NATIONAL HOSE TESTG SPECIALTIES INC,630.3,,Cleared
04/16/2025,,NW KENT ME,NORTHWEST KENT MECHANICAL CO,NORTHWEST KENT MECHANICAL CO,510,,Cleared
04/16/2025,,ON DUTY GE,ON DUTY GEAR LLC ,ON DUTY GEAR LLC ,630.99,,Cleared
04/16/2025,,PRINT PROD,PRINTING PRODUCTIONS INK,PRINTING PRODUCTIONS INK,519,,Cleared
04/16/2025,,SRNB DANCE,SRNB DANCE ACADEMY LLC,SRNB DANCE ACADEMY LLC,840,,Cleared
04/16/2025,,TH BRANDS,TH BRANDS,TH BRANDS,753,,Cleared
04/16/2025,,THORNAPPLE,THORNAPPLE INC,THORNAPPLE INC,4197.67,,Cleared
04/16/2025,,KENT RECOR,VITAL RECORDS CONTROL,VITAL RECORDS CONTROL,316.73,,Cleared
04/16/2025,,VREDEVELD ,VREDEVELD HAEFNER LLC ,VREDEVELD HAEFNER LLC ,2750,,Cleared
04/24/2025,,ACTION CHE,ACTION CHEMICAL INC,ACTION CHEMICAL INC,947.52,,Cleared
04/24/2025,,AIRGAS USA,AIRGAS USA LLC,AIRGAS USA LLC,135.65,,Cleared
04/24/2025,,"BUIKEMA,RI",RIC BUIKEMA,RIC BUIKEMA,345.52,,Cleared
04/24/2025,,BUIST ELEC,BUIST ELECTRIC,BUIST ELECTRIC,857.43,,Cleared
04/24/2025,,S HLTH OCC,COREWELL HEALTH OCCUPATIONAL HEALTH,COREWELL HEALTH OCCUPATIONAL HEALTH,358,,Cleared
04/24/2025,,CORWELL HE,COREWELL HEALTH W CLIENT BILLING,COREWELL HEALTH W CLIENT BILLING,75,,Cleared
04/24/2025,,CORP TECH,CORPORATE TECHNOLOGIES LLC,CORPORATE TECHNOLOGIES LLC,650,,Cleared
04/24/2025,,CUSTER OFF,CUSTER WORKPLACE INTERIORS,CUSTER WORKPLACE INTERIORS,4150.1,,Cleared
04/24/2025,,DANIEL LOB,DANIEL LOBBEZOO,DANIEL LOBBEZOO,35.76,,Cleared
04/24/2025,,ADT COMMER,EVERON ,EVERON ,654,,Cleared
04/24/2025,,EVERSTREAM,EVERSTREAM SOLUTIONS LLC,EVERSTREAM SOLUTIONS LLC,600,,Cleared
04/24/2025,,FERGUSON E,FERGUSON ENTERPRISES,FERGUSON ENTERPRISES,146.64,,Cleared
04/24/2025,,FIRST STOP,FIRST STOP HEALTH,FIRST STOP HEALTH,714,,Cleared
04/24/2025,,GRAINGER,GRAINGER INC,GRAINGER INC,372.11,,Cleared
04/24/2025,,GR CITY TR,GRAND RAPIDS CITY TREASURER,GRAND RAPIDS CITY TREASURER,141398.8,,Cleared
04/24/2025,,GREENLINE,GREENLINE SPORTS TURF SOLUTIONS,GREENLINE SPORTS TURF SOLUTIONS,1085,,Cleared
04/24/2025,,GROUNDHAWG,GROUNDHAWG EXCAVATING & LANDSCAPING,GROUNDHAWG EXCAVATING & LANDSCAPING,112040,,Cleared
04/24/2025,,HAMMERSMIT,HAMMERSMITH EQUIPMENT CO INC,HAMMERSMITH EQUIPMENT CO INC,627.25,,Cleared
04/24/2025,,KERKSTRA S,KERKSTRA SEPTIC TANK CLEANING,KERKSTRA SEPTIC TANK CLEANING,250,,Cleared
04/24/2025,,LAWSON PRO,LAWSON PRODUCTS INC,LAWSON PRODUCTS INC,278.96,,Cleared
04/24/2025,,MATERIALS,MATERIALS TESTING CONSULTANTS INC,MATERIALS TESTING CONSULTANTS INC,7988.25,,Cleared
04/24/2025,,MODEL FIRS,MODEL COVERALL SERVICE INC,MODEL COVERALL SERVICE INC,831.04,,Cleared
04/24/2025,,NW KENT ME,NORTHWEST KENT MECHANICAL CO,NORTHWEST KENT MECHANICAL CO,255,,Cleared
04/24/2025,,ORGANICYCL,ORGANICYCLE LLC,ORGANICYCLE LLC,300,,Cleared
04/24/2025,,PLEUNE SER,PLEUNE SERVICE COMPANY INC,PLEUNE SERVICE COMPANY INC,1979.79,,Cleared
04/24/2025,,PRINT PROD,PRINTING PRODUCTIONS INK,PRINTING PRODUCTIONS INK,777.14,,Cleared
04/24/2025,,PROGRESSIV,PROGRESSIVE AE INC,PROGRESSIVE AE INC,5972,,Cleared
04/24/2025,,"RAMIREZ,JA",JAIME RAMIREZ,JAIME RAMIREZ,51,,Cleared
04/24/2025,,THE SAFETY,"THE SAFETY COMPANY, LLC DBA MTECH","THE SAFETY COMPANY, LLC DBA MTECH",4824.57,,Cleared
04/24/2025,,VARNUM LLP,VARNUM LLP,VARNUM LLP,17000,,Cleared
04/24/2025,,VANMANEN,"VMJH, LLC","VMJH, LLC",2025.44,,Cleared
05/01/2025,,ACTION CHE,ACTION CHEMICAL INC,ACTION CHEMICAL INC,2267.85,,Cleared
05/01/2025,,CARLETON E,CARLETON EQUIPMENT COMPANY,CARLETON EQUIPMENT COMPANY,124.08,,Cleared
05/01/2025,,CONSUMERS,CONSUMERS ENERGY ,CONSUMERS ENERGY ,14463.46,,Cleared
05/01/2025,,DORNBOS SI,DORNBOS SIGN & SAFETY INC ,DORNBOS SIGN & SAFETY INC ,567.52,,Cleared
05/01/2025,,"DUNN, ALEX",ALEXANDRA DUNN,ALEXANDRA DUNN,200,,Cleared
05/01/2025,,ETNA SUPPL,ETNA SUPPLY COMPANY,ETNA SUPPLY COMPANY,4152,,Cleared
05/01/2025,,FASTSIGNS,FASTSIGNS OF GRAND RAPIDS,FASTSIGNS OF GRAND RAPIDS,490.37,,Cleared
05/01/2025,,FERGUSON E,FERGUSON ENTERPRISES,FERGUSON ENTERPRISES,933.47,,Cleared
05/01/2025,,FUEL MGMT ,FLYERS ENERGY LLC,FLYERS ENERGY LLC,228.11,,Cleared
05/01/2025,,"HAGGERTY,P",PATRICK HAGGERTY,PATRICK HAGGERTY,107,,Cleared
05/01/2025,,HALVERSON ,HALVERSON ENGINEERING LLC,HALVERSON ENGINEERING LLC,4179,,Cleared
05/01/2025,,"KREINER,KE",KELLY KREINER,KELLY KREINER,99.9,,Cleared
05/01/2025,,LAWSON PRO,LAWSON PRODUCTS INC,LAWSON PRODUCTS INC,108,,Cleared
05/01/2025,,"LEE,STEVEN",STEVEN D LEE,STEVEN D LEE,420,,Cleared
05/01/2025,,LESLIES PO,LESLIE'S POOL SUPPLIES INC,LESLIE'S POOL SUPPLIES INC,157.19,,Cleared
05/01/2025,,"LUCAS,G SR",GREGORY LUCAS SR,GREGORY LUCAS SR,102,,Cleared
05/01/2025,,MADISON NA,MADISON NATIONAL LIFE INS CO INC,MADISON NATIONAL LIFE INS CO INC,3190.5,,Cleared
05/01/2025,,ON DUTY GE,ON DUTY GEAR LLC ,ON DUTY GEAR LLC ,2373.72,,Cleared
05/01/2025,,POWERVAC,POWERVAC,POWERVAC,17372,,Cleared
05/01/2025,,"RANGEL,GEN",GENOVEVO RANGEL,GENOVEVO RANGEL,50,,Cleared
05/01/2025,,RED WING,RED WING BUSINESS ADVANTAGE ACCT,RED WING BUSINESS ADVANTAGE ACCT,463.48,,Cleared
05/01/2025,,REHMANN,REHMANN TECHNOLOGY SOLUTIONS,REHMANN TECHNOLOGY SOLUTIONS,3976.05,,Cleared
05/01/2025,,ROJAS-GALL,IVAN ROJAS-GALLEGOS,IVAN ROJAS-GALLEGOS,102,,Cleared
05/01/2025,,SABO PUBLI,SABO PUBLIC RELATIONS LLC,SABO PUBLIC RELATIONS LLC,24395.76,,Cleared
05/01/2025,,SEILER INS,SEILER INSTRUMENT & MANUFACTURING,SEILER INSTRUMENT & MANUFACTURING,134.11,,Cleared
05/01/2025,,SUPERIOR A,SUPERIOR ASPHALT INC,SUPERIOR ASPHALT INC,620,,Cleared
05/01/2025,,TH BRANDS,TH BRANDS,TH BRANDS,133,,Cleared
05/01/2025,,VANMANEN,"VMJH, LLC","VMJH, LLC",2169.7,,Cleared
05/01/2025,,WATKINS RO,WATKINS ROSS & CO,WATKINS ROSS & CO,330,,Cleared
05/01/2025,,WEATHER SH,WEATHER SHIELD ROOFING SYSTEMS INC,WEATHER SHIELD ROOFING SYSTEMS INC,548.64,,Cleared
04/30/2025,,CITY/EGRWT,CITY OF EAST GRAND RAPIDS/WTR BILLS,CITY OF EAST GRAND RAPIDS/WTR BILLS,3116.03,,Cleared
04/30/2025,,CITY/EGRWT,CITY OF EAST GRAND RAPIDS/WTR BILLS,CITY OF EAST GRAND RAPIDS/WTR BILLS,62.81,,Cleared
05/01/2025,,ACTION CHE,ACTION CHEMICAL INC,ACTION CHEMICAL INC,946.44,,Cleared
05/01/2025,,FIFTH THIR,FIFTH THIRD BANK,AMAZON,32876.38,,Cleared
05/01/2025,,FIFTH THIR,VOID,,0,V,Cleared
,,,Void Reason: Created From Check Run Process,,,,
05/01/2025,,FIFTH THIR,VOID,,0,V,Cleared
,,,Void Reason: Created From Check Run Process,,,,
05/01/2025,,FIFTH THIR,VOID,,0,V,Cleared
,,,Void Reason: Created From Check Run Process,,,,
05/01/2025,,FIFTH THIR,VOID,,0,V,Cleared
,,,Void Reason: Created From Check Run Process,,,,
05/01/2025,,FIFTH THIR,VOID,,0,V,Cleared
,,,Void Reason: Created From Check Run Process,,,,
05/01/2025,,FIFTH THIR,VOID,,0,V,Cleared
,,,Void Reason: Created From Check Run Process,,,,
05/01/2025,,FIFTH THIR,VOID,,0,V,Cleared
,,,Void Reason: Created From Check Run Process,,,,
05/01/2025,,FIFTH THIR,VOID,,0,V,Cleared
,,,Void Reason: Created From Check Run Process,,,,
05/01/2025,,FIFTH THIR,VOID,,0,V,Cleared
,,,Void Reason: Created From Check Run Process,,,,
05/01/2025,,FIFTH THIR,VOID,,0,V,Cleared
,,,Void Reason: Created From Check Run Process,,,,
05/08/2025,,BCM ONE,BCM ONE,BCM ONE,599.62,,Cleared
05/08/2025,,S HLTH OCC,COREWELL HEALTH OCCUPATIONAL HEALTH,COREWELL HEALTH OCCUPATIONAL HEALTH,336,,Cleared
05/08/2025,,DIRECT ELE,DIRECT ELECTRONICS PLUS INC,DIRECT ELECTRONICS PLUS INC,6414.9,,Cleared
05/08/2025,,EJ USA,EJ USA INC,EJ USA INC,2467.32,,Cleared
05/08/2025,,FASTSIGNS,FASTSIGNS OF GRAND RAPIDS,FASTSIGNS OF GRAND RAPIDS,1367.65,,Cleared
05/08/2025,,"FAUBLE,SHA",SHANNON FAUBLE,SHANNON FAUBLE,32,,Cleared
05/08/2025,,FERGUSON E,FERGUSON ENTERPRISES,FERGUSON ENTERPRISES,128.69,,Cleared
05/08/2025,,FUEL MGMT ,FLYERS ENERGY LLC,FLYERS ENERGY LLC,255.37,,Cleared
05/08/2025,,GROUNDHAWG,GROUNDHAWG EXCAVATING & LANDSCAPING,GROUNDHAWG EXCAVATING & LANDSCAPING,129880.89,,Cleared
05/08/2025,,HAMMERSMIT,HAMMERSMITH EQUIPMENT CO INC,HAMMERSMITH EQUIPMENT CO INC,795,,Cleared
05/08/2025,,I3 BUSINES,I3 BUSINESS SOLUTIONS LLC,I3 BUSINESS SOLUTIONS LLC,1555,,Cleared
05/08/2025,,JACK DOHEN,JACK DOHENY COMPANIES INC,JACK DOHENY COMPANIES INC,390.44,,Cleared
05/08/2025,,KERKSTRA S,KERKSTRA SEPTIC TANK CLEANING,KERKSTRA SEPTIC TANK CLEANING,250,,Cleared
05/08/2025,,LAWSON PRO,LAWSON PRODUCTS INC,LAWSON PRODUCTS INC,195.97,,Cleared
05/08/2025,,LEXISNEXIS,LEXISNEXIS RISK SOLUTIONS,LEXISNEXIS RISK SOLUTIONS,200,,Cleared
05/08/2025,,"LUCAS,G SR",GREGORY LUCAS SR,GREGORY LUCAS SR,51,,Cleared
05/08/2025,,MACQUEEN E,MACQUEEN ,MACQUEEN ,885.46,,Cleared
05/08/2025,,PLB PLANNI,PLB PLANNING GROUP LLC,PLB PLANNING GROUP LLC,8106.44,,Cleared
05/08/2025,,PLEUNE SER,PLEUNE SERVICE COMPANY INC,PLEUNE SERVICE COMPANY INC,7865.42,,Cleared
05/08/2025,,"RANGEL,GEN",GENOVEVO RANGEL,GENOVEVO RANGEL,50,,Cleared
05/08/2025,,ROJAS-GALL,IVAN ROJAS-GALLEGOS,IVAN ROJAS-GALLEGOS,51,,Cleared
05/08/2025,,VERIZON CO,VERIZON CONNECT,VERIZON CONNECT,262.36,,Cleared
05/07/2025,,DTE,DTE ENERGY ,DTE ENERGY ,11719.43,,Cleared
05/07/2025,,LOWES,LOWE'S ,LOWE'S ,233.26,,Cleared
05/15/2025,,CAREERBUIL,ACCURATE EMPLOYMENT SCREENING LLC,ACCURATE EMPLOYMENT SCREENING LLC,282.12,,Cleared
05/15/2025,,AXON ENTER,"AXON ENTERPRISE, INC","AXON ENTERPRISE, INC",1875.65,,Cleared
05/15/2025,,BADGER MET,BADGER METER,BADGER METER,46.53,,Cleared
05/15/2025,,CDW GOVERN,CDW GOVERNMENT INC ,CDW GOVERNMENT INC ,395.74,,Cleared
05/15/2025,,CIVICPLUS,CIVICPLUS ,CIVICPLUS ,11277.36,,Cleared
05/15/2025,,S HLTH OCC,COREWELL HEALTH OCCUPATIONAL HEALTH,COREWELL HEALTH OCCUPATIONAL HEALTH,147,,Cleared
05/15/2025,,ETNA SUPPL,ETNA SUPPLY COMPANY,ETNA SUPPLY COMPANY,514,,Cleared
05/15/2025,,FERGUSON E,FERGUSON ENTERPRISES,FERGUSON ENTERPRISES,2900,,Cleared
05/15/2025,,GRAINGER,GRAINGER INC,GRAINGER INC,935.39,,Cleared
05/15/2025,,HALVERSON ,HALVERSON ENGINEERING LLC,HALVERSON ENGINEERING LLC,5060.9,,Cleared
05/15/2025,,HUBBELL RO,"HUBBELL, ROTH & CLARK INC","HUBBELL, ROTH & CLARK INC",15470.82,,Cleared
05/15/2025,,HYDROCORP,HYDROCORP,HYDROCORP,380,,Cleared
05/15/2025,,I3 BUSINES,I3 BUSINESS SOLUTIONS LLC,I3 BUSINESS SOLUTIONS LLC,1131.25,,Cleared
05/15/2025,,JO CLEANIN,JO CLEANING SERVICE,JO CLEANING SERVICE,11816,,Cleared
05/15/2025,,MATERIALS,MATERIALS TESTING CONSULTANTS INC,MATERIALS TESTING CONSULTANTS INC,5019.25,,Cleared
05/15/2025,,MIERAS WOR,MIERAS WORK & COMFORT SHOES ,MIERAS WORK & COMFORT SHOES ,153,,Cleared
05/15/2025,,MODEL FIRS,MODEL COVERALL SERVICE INC,MODEL COVERALL SERVICE INC,780.79,,Cleared
05/15/2025,,ON DUTY GE,ON DUTY GEAR LLC ,ON DUTY GEAR LLC ,1040,,Cleared
05/15/2025,,PREIN NEWH,PREIN & NEWHOF ,PREIN & NEWHOF ,38579.85,,Cleared
05/15/2025,,RED WING,RED WING BUSINESS ADVANTAGE ACCT,RED WING BUSINESS ADVANTAGE ACCT,494.98,,Cleared
05/15/2025,,ROJAS-GALL,IVAN ROJAS-GALLEGOS,IVAN ROJAS-GALLEGOS,51,,Cleared
05/15/2025,,THORNAPPLE,THORNAPPLE INC,THORNAPPLE INC,16165,,Cleared
05/15/2025,,TRUESDELL,DANIEL TRUESDELL,DANIEL TRUESDELL,212.39,,Cleared
05/15/2025,,US BANK,US BANK ,US BANK ,600,,Cleared
05/15/2025,,VANMANEN,"VMJH, LLC","VMJH, LLC",2666.84,,Cleared
05/15/2025,,VREDEVELD ,VREDEVELD HAEFNER LLC ,VREDEVELD HAEFNER LLC ,650,,Cleared
05/22/2025,,REIMB,MAKENZIE HUTCHINGS,MAKENZIE HUTCHINGS,50.92,,Cleared
05/22/2025,,ACTION CHE,ACTION CHEMICAL INC,ACTION CHEMICAL INC,761.99,,Cleared
05/22/2025,,CONSUMERS,CONSUMERS ENERGY ,CONSUMERS ENERGY ,11720.38,,Cleared
05/22/2025,,S HLTH OCC,COREWELL HEALTH OCCUPATIONAL HEALTH,COREWELL HEALTH OCCUPATIONAL HEALTH,277.92,,Cleared
05/22/2025,,CORWELL HE,COREWELL HEALTH W CLIENT BILLING,COREWELL HEALTH W CLIENT BILLING,25,,Cleared
05/22/2025,,CORP TECH,CORPORATE TECHNOLOGIES LLC,CORPORATE TECHNOLOGIES LLC,650,,Cleared
05/22/2025,,ADT COMMER,EVERON ,EVERON ,654,,Cleared
05/22/2025,,EVERSTREAM,EVERSTREAM SOLUTIONS LLC,EVERSTREAM SOLUTIONS LLC,600,,Cleared
05/22/2025,,FASTSIGNS,FASTSIGNS OF GRAND RAPIDS,FASTSIGNS OF GRAND RAPIDS,669.95,,Cleared
05/22/2025,,"FIEDLER,RA",RACHEL FIEDLER,RACHEL FIEDLER,25.89,,Cleared
05/22/2025,,FIRST CHOI,FIRST CHOICE COFFEE SERVICES,FIRST CHOICE COFFEE SERVICES,658.37,,Cleared
05/22/2025,,FIRST STOP,FIRST STOP HEALTH,FIRST STOP HEALTH,714,,Cleared
05/22/2025,,FUEL MGMT ,FLYERS ENERGY LLC,FLYERS ENERGY LLC,144.49,,Cleared
05/22/2025,,GR CITY TR,GRAND RAPIDS CITY TREASURER,GRAND RAPIDS CITY TREASURER,189810.97,,Cleared
05/22/2025,,HUBBELL RO,"HUBBELL, ROTH & CLARK INC","HUBBELL, ROTH & CLARK INC",1965,,Cleared
05/22/2025,,LAWSON PRO,LAWSON PRODUCTS INC,LAWSON PRODUCTS INC,104.1,,Cleared
05/22/2025,,"LEE,STEVEN",STEVEN D LEE,STEVEN D LEE,140,,Cleared
05/22/2025,,LEXISNEXIS,LEXISNEXIS RISK SOLUTIONS,LEXISNEXIS RISK SOLUTIONS,200,,Cleared
05/22/2025,,MACQUEEN E,MACQUEEN ,MACQUEEN ,124.68,,Cleared
05/22/2025,,MOORE BRUG,MOORE & BRUGGINK INC ,MOORE & BRUGGINK INC ,1776.63,,Cleared
05/22/2025,,"CHAGOYA,ED",EDUARDO PEREZ CHAGOYA,EDUARDO PEREZ CHAGOYA,100,,Cleared
05/22/2025,,PITNEY B-P,PITNEY BOWES PURCHASE POWER,PITNEY BOWES PURCHASE POWER,1009.75,,Cleared
05/22/2025,,POWERVAC,POWERVAC,POWERVAC,16149,,Cleared
05/22/2025,,"RODAS,EDVI",EDVIN R RODAS LOPEZ,EDVIN R RODAS LOPEZ,101,,Cleared
05/22/2025,,ROJAS-GALL,IVAN ROJAS-GALLEGOS,IVAN ROJAS-GALLEGOS,51,,Cleared
05/22/2025,,US BANK,US BANK ,US BANK ,500,,Cleared
05/22/2025,,VARNUM LLP,VARNUM LLP,VARNUM LLP,17000,,Cleared
05/22/2025,,VANMANEN,"VMJH, LLC","VMJH, LLC",2782.64,,Cleared
05/31/2025,,FIFTH THIR,FIFTH THIRD BANK,AMAZON,99046.31,,Cleared
05/31/2025,,FIFTH THIR,VOID,,0,V,Cleared
,,,Void Reason: Created From Check Run Process,,,,
05/31/2025,,FIFTH THIR,VOID,,0,V,Cleared
,,,Void Reason: Created From Check Run Process,,,,
05/31/2025,,FIFTH THIR,VOID,,0,V,Cleared
,,,Void Reason: Created From Check Run Process,,,,
05/31/2025,,FIFTH THIR,VOID,,0,V,Cleared
,,,Void Reason: Created From Check Run Process,,,,
05/31/2025,,FIFTH THIR,VOID,,0,V,Cleared
,,,Void Reason: Created From Check Run Process,,,,
05/31/2025,,FIFTH THIR,VOID,,0,V,Cleared
,,,Void Reason: Created From Check Run Process,,,,
05/29/2025,,ALLIED UNI,ALLIED UNIVERSAL TECHNOLOGY SERVICE,ALLIED UNIVERSAL TECHNOLOGY SERVICE,254,,Cleared
05/29/2025,,BERGER CHE,BERGER CHEVROLET ,BERGER CHEVROLET ,1489.54,,Cleared
05/29/2025,,S HLTH OCC,COREWELL HEALTH OCCUPATIONAL HEALTH,COREWELL HEALTH OCCUPATIONAL HEALTH,49,,Cleared
05/29/2025,,DORNBOS SI,DORNBOS SIGN & SAFETY INC ,DORNBOS SIGN & SAFETY INC ,498.16,,Cleared
05/29/2025,,DTE,DTE GAS SERVICES CO,DTE GAS SERVICES CO,63453,,Cleared
05/29/2025,,EJ USA,EJ USA INC,EJ USA INC,2954,,Cleared
05/29/2025,,FLYING DUT,FLYING DUTCHMAN FLAGS ,FLYING DUTCHMAN FLAGS ,0,V,Cleared
,,,Void Reason: WRONG ACH ACCT #,,,,
05/29/2025,,GR ELECTRI,GR ELECTRIC INC,GR ELECTRIC INC,7378.5,,Cleared
05/29/2025,,HALVERSON ,HALVERSON ENGINEERING LLC,HALVERSON ENGINEERING LLC,3969,,Cleared
05/29/2025,,"HAMMONDS,B",BEN HAMMONDS,BEN HAMMONDS,114.75,,Cleared
05/29/2025,,LAKESIDE A,LAKESIDE AGGREGATE LLC,LAKESIDE AGGREGATE LLC,112.5,,Cleared
05/29/2025,,MI PIPE,MICHIGAN PIPE & VALVE,MICHIGAN PIPE & VALVE,3545,,Cleared
05/29/2025,,NW KENT ME,NORTHWEST KENT MECHANICAL CO,NORTHWEST KENT MECHANICAL CO,614.35,,Cleared
05/29/2025,,ON DUTY GE,ON DUTY GEAR LLC ,ON DUTY GEAR LLC ,1040,,Cleared
05/29/2025,,PIATT BRIC,PIATT BRICKZ LLC,PIATT BRICKZ LLC,720,,Cleared
05/29/2025,,PLEUNE SER,PLEUNE SERVICE COMPANY INC,PLEUNE SERVICE COMPANY INC,1200,,Cleared
05/29/2025,,PROGRESSIV,PROGRESSIVE AE INC,PROGRESSIVE AE INC,1381,,Cleared
05/29/2025,,SABO PUBLI,SABO PUBLIC RELATIONS LLC,SABO PUBLIC RELATIONS LLC,7382.2,,Cleared
05/29/2025,,VANMANEN,"VMJH, LLC","VMJH, LLC",571.74,,Cleared
05/29/2025,,W MI INTER,WEST MICHIGAN INTERNATIONAL ,WEST MICHIGAN INTERNATIONAL ,194.76,,Cleared
05/29/2025,,"WILDMAN,CO",COLLIN WILDMAN,COLLIN WILDMAN,166.6,,Cleared
05/28/2025,,CITY/EGRWT,CITY OF EAST GRAND RAPIDS/WTR BILLS,CITY OF EAST GRAND RAPIDS/WTR BILLS,2241.02,,Cleared
06/04/2025,,CITY/EGRWT,CITY OF EAST GRAND RAPIDS/WTR BILLS,CITY OF EAST GRAND RAPIDS/WTR BILLS,1095.12,,Cleared
06/04/2025,,DTE,DTE ENERGY ,DTE ENERGY ,929.52,,Cleared
06/05/2025,,BCM ONE,BCM ONE,BCM ONE,599.62,,Cleared
06/05/2025,,CDW GOVERN,CDW GOVERNMENT INC ,CDW GOVERNMENT INC ,329.99,,Cleared
06/05/2025,,CONSUMERS,CONSUMERS ENERGY ,CONSUMERS ENERGY ,11284.98,,Cleared
06/05/2025,,S HLTH OCC,COREWELL HEALTH OCCUPATIONAL HEALTH,COREWELL HEALTH OCCUPATIONAL HEALTH,355.61,,Cleared
06/05/2025,,"CORSON,CHE",CHERYL CORSON,CHERYL CORSON,1132.15,,Cleared
06/05/2025,,CUSTER OFF,CUSTER WORKPLACE INTERIORS,CUSTER WORKPLACE INTERIORS,56284.91,,Cleared
06/05/2025,,"FIEDLER,RA",RACHEL FIEDLER,RACHEL FIEDLER,32.49,,Cleared
06/05/2025,,FIRST CHOI,FIRST CHOICE COFFEE SERVICES,FIRST CHOICE COFFEE SERVICES,603.62,,Cleared
06/05/2025,,GRAINGER,GRAINGER INC,GRAINGER INC,887.99,,Cleared
06/05/2025,,I3 BUSINES,I3 BUSINESS SOLUTIONS LLC,I3 BUSINESS SOLUTIONS LLC,1555,,Cleared
06/05/2025,,LAKESIDE A,LAKESIDE AGGREGATE LLC,LAKESIDE AGGREGATE LLC,75,,Cleared
06/05/2025,,NW KENT ME,NORTHWEST KENT MECHANICAL CO,NORTHWEST KENT MECHANICAL CO,6869,,Cleared
06/05/2025,,PLEUNE SER,PLEUNE SERVICE COMPANY INC,PLEUNE SERVICE COMPANY INC,1301.88,,Cleared
06/05/2025,,PREIN NEWH,PREIN & NEWHOF ,PREIN & NEWHOF ,20,,Cleared
06/05/2025,,REHMANN,REHMANN TECHNOLOGY SOLUTIONS,REHMANN TECHNOLOGY SOLUTIONS,1077.6,,Cleared
06/05/2025,,SEAMANS ME,SEAMAN'S MECHANICAL,SEAMAN'S MECHANICAL,43292,,Cleared
06/05/2025,,SEILER INS,SEILER INSTRUMENT & MANUFACTURING,SEILER INSTRUMENT & MANUFACTURING,137.51,,Cleared
06/05/2025,,"SLATER,PAM",PAMELA E SLATER,PAMELA E SLATER,7.99,,Cleared
06/05/2025,,TH BRANDS,TH BRANDS,TH BRANDS,1502.63,,Cleared
06/05/2025,,THORNAPPLE,THORNAPPLE INC,THORNAPPLE INC,16165,,Cleared
06/05/2025,,VANMANEN,"VMJH, LLC","VMJH, LLC",2539.22,,Cleared
06/11/2025,,FLYING DUT,FLYING DUTCHMAN FLAGS ,FLYING DUTCHMAN FLAGS ,60,,Cleared
06/12/2025,,BADGER MET,BADGER METER,BADGER METER,46.53,,Cleared
06/12/2025,,"BLOCHER,NI",NICHOLAS BLOCHER,NICHOLAS BLOCHER,53,,Cleared
06/12/2025,,CIVICPLUS,CIVICPLUS ,CIVICPLUS ,669.07,,Cleared
06/12/2025,,DELL MARKE,DELL MARKETING LP,DELL MARKETING LP,2409.69,,Cleared
06/12/2025,,EGR PUBLIC,EGR PUBLIC SCHOOLS ,EGR PUBLIC SCHOOLS ,7500,,Cleared
06/12/2025,,ETNA SUPPL,ETNA SUPPLY COMPANY,ETNA SUPPLY COMPANY,4400,,Cleared
06/12/2025,,EVERSTREAM,EVERSTREAM SOLUTIONS LLC,EVERSTREAM SOLUTIONS LLC,600,,Cleared
06/12/2025,,FASTSIGNS,FASTSIGNS OF GRAND RAPIDS,FASTSIGNS OF GRAND RAPIDS,622.23,,Cleared
06/12/2025,,FUEL MGMT ,FLYERS ENERGY LLC,FLYERS ENERGY LLC,194.02,,Cleared
06/12/2025,,GR ELECTRI,GR ELECTRIC INC,GR ELECTRIC INC,9844.25,,Cleared
06/12/2025,,HALVERSON ,HALVERSON ENGINEERING LLC,HALVERSON ENGINEERING LLC,5063.5,,Cleared
06/12/2025,,HUBBELL RO,"HUBBELL, ROTH & CLARK INC","HUBBELL, ROTH & CLARK INC",30609.84,,Cleared
06/12/2025,,HYDROCORP,HYDROCORP,HYDROCORP,380,,Cleared
06/12/2025,,"JAMES,GREG",GREG JAMES,GREG JAMES,198,,Cleared
06/12/2025,,JO CLEANIN,JO CLEANING SERVICE,JO CLEANING SERVICE,12507,,Cleared
06/12/2025,,KERKSTRA S,KERKSTRA SEPTIC TANK CLEANING,KERKSTRA SEPTIC TANK CLEANING,250,,Cleared
06/12/2025,,LAKESIDE A,LAKESIDE AGGREGATE LLC,LAKESIDE AGGREGATE LLC,37.5,,Cleared
06/12/2025,,"LANCASTE,D",DARRYL LANCASTER,DARRYL LANCASTER,228,,Cleared
06/12/2025,,LAWSON PRO,LAWSON PRODUCTS INC,LAWSON PRODUCTS INC,9.08,,Cleared
06/12/2025,,"LEE,STEVEN",STEVEN D LEE,STEVEN D LEE,338,,Cleared
06/12/2025,,LIQUID SOL,LIQUID SOLUTIONS INC ,LIQUID SOLUTIONS INC ,1700,,Cleared
06/12/2025,,M&K CONSTR,M&K CONSTRUCTION SUPPLY LLC,M&K CONSTRUCTION SUPPLY LLC,6444.06,,Cleared
06/12/2025,,MACQUEEN E,MACQUEEN ,MACQUEEN ,84.33,,Cleared
06/12/2025,,MI PIPE,MICHIGAN PIPE & VALVE,MICHIGAN PIPE & VALVE,5795,,Cleared
06/12/2025,,MILLENNIA ,MILLENNIA TECHNOLOGIES,MILLENNIA TECHNOLOGIES,739.52,,Cleared
06/12/2025,,MODEL FIRS,MODEL COVERALL SERVICE INC,MODEL COVERALL SERVICE INC,864.99,,Cleared
06/12/2025,,MOORE BRUG,MOORE & BRUGGINK INC ,MOORE & BRUGGINK INC ,569.59,,Cleared
06/12/2025,,NATL HOSE ,NATIONAL HOSE TESTG SPECIALTIES INC,NATIONAL HOSE TESTG SPECIALTIES INC,2078.4,,Cleared
06/12/2025,,ON DUTY GE,ON DUTY GEAR LLC ,ON DUTY GEAR LLC ,141.97,,Cleared
06/12/2025,,ORGANICYCL,ORGANICYCLE LLC,ORGANICYCLE LLC,780,,Cleared
06/12/2025,,PIATT BRIC,PIATT BRICKZ LLC,PIATT BRICKZ LLC,1430,,Cleared
06/12/2025,,PLB PLANNI,PLB PLANNING GROUP LLC,PLB PLANNING GROUP LLC,6330,,Cleared
06/12/2025,,PREIN NEWH,PREIN & NEWHOF ,PREIN & NEWHOF ,1347.5,,Cleared
06/12/2025,,PRINT PROD,PRINTING PRODUCTIONS INK,PRINTING PRODUCTIONS INK,143.88,,Cleared
06/12/2025,,"RANGEL,GEN",GENOVEVO RANGEL,GENOVEVO RANGEL,100,,Cleared
06/12/2025,,"RODAS,EDVI",EDVIN R RODAS LOPEZ,EDVIN R RODAS LOPEZ,100,,Cleared
06/12/2025,,SABO PUBLI,SABO PUBLIC RELATIONS LLC,SABO PUBLIC RELATIONS LLC,7264.39,,Cleared
06/12/2025,,SEILER INS,SEILER INSTRUMENT & MANUFACTURING,SEILER INSTRUMENT & MANUFACTURING,2847.82,,Cleared
06/12/2025,,SEVA YOGA,SEVA YOGA,SEVA YOGA,993.25,,Cleared
06/12/2025,,VERIZON CO,VERIZON CONNECT,VERIZON CONNECT,269.68,,Cleared
06/12/2025,,VANMANEN,"VMJH, LLC","VMJH, LLC",4007.49,,Cleared
06/20/2025,,ACTION CHE,ACTION CHEMICAL INC,ACTION CHEMICAL INC,1884.57,,Cleared
06/20/2025,,AGUILAR PO,LUIS ANTONIO AGUILAR POZOS,LUIS ANTONIO AGUILAR POZOS,225,,Cleared
06/20/2025,,"ARVIZU,FRA",FRANCISCO ARVIZU,FRANCISCO ARVIZU,150,,Cleared
06/20/2025,,BERNARDINO,NOE BERNARDINO,NOE BERNARDINO,225,,Cleared
06/20/2025,,"CHENLO,MIC",MICHELLE CHENLO,MICHELLE CHENLO,300,,Cleared
06/20/2025,,CONSUMERS,CONSUMERS ENERGY ,CONSUMERS ENERGY ,11689.21,,Cleared
06/20/2025,,S HLTH OCC,COREWELL HEALTH OCCUPATIONAL HEALTH,COREWELL HEALTH OCCUPATIONAL HEALTH,196,,Cleared
06/20/2025,,CORP TECH,CORPORATE TECHNOLOGIES LLC,CORPORATE TECHNOLOGIES LLC,650,,Cleared
06/20/2025,,"CRUZ,JESUS",JESUS CRUZ,JESUS CRUZ,225,,Cleared
06/20/2025,,EGR PUBLIC,EGR PUBLIC SCHOOLS ,EGR PUBLIC SCHOOLS ,12500,,Cleared
06/20/2025,,"FAUBLE,SHA",SHANNON FAUBLE,SHANNON FAUBLE,4.49,,Cleared
06/20/2025,,FIRST STOP,FIRST STOP HEALTH,FIRST STOP HEALTH,714,,Cleared
06/20/2025,,GR ELECTRI,GR ELECTRIC INC,GR ELECTRIC INC,19428.75,,Cleared
06/20/2025,,GRAINGER,GRAINGER INC,GRAINGER INC,745.56,,Cleared
06/20/2025,,HALVERSON ,HALVERSON ENGINEERING LLC,HALVERSON ENGINEERING LLC,7843.5,,Cleared
06/20/2025,,HASSENRIK,GRANT HASSENRIK,GRANT HASSENRIK,300,,Cleared
06/20/2025,,HUBBELL RO,"HUBBELL, ROTH & CLARK INC","HUBBELL, ROTH & CLARK INC",28812.42,,Cleared
06/20/2025,,HYDROCORP,HYDROCORP,HYDROCORP,380,,Cleared
06/20/2025,,"JAMES,GREG",GREG JAMES,GREG JAMES,198,,Cleared
06/20/2025,,"LANCASTE,D",DARRYL LANCASTER,DARRYL LANCASTER,228,,Cleared
06/20/2025,,"LEE,STEVEN",STEVEN D LEE,STEVEN D LEE,198,,Cleared
06/20/2025,,"LUCAS,G SR",GREGORY LUCAS SR,GREGORY LUCAS SR,447,,Cleared
06/20/2025,,MADISON NA,MADISON NATIONAL LIFE INS CO INC,MADISON NATIONAL LIFE INS CO INC,3205.43,,Cleared
06/20/2025,,ON DUTY GE,ON DUTY GEAR LLC ,ON DUTY GEAR LLC ,1588.88,,Cleared
06/20/2025,,"CHAGOYA,ED",EDUARDO PEREZ CHAGOYA,EDUARDO PEREZ CHAGOYA,300,,Cleared
06/20/2025,,PIATT BRIC,PIATT BRICKZ LLC,PIATT BRICKZ LLC,1235,,Cleared
06/20/2025,,CABALLERO ,PORFIDIO R CABALLERO MEZA,PORFIDIO R CABALLERO MEZA,300,,Cleared
06/20/2025,,PREIN NEWH,PREIN & NEWHOF ,PREIN & NEWHOF ,46142.15,,Cleared
06/20/2025,,PROGRESSIV,PROGRESSIVE AE INC,PROGRESSIVE AE INC,5923.29,,Cleared
06/20/2025,,"RAMIREZ,JA",JAIME RAMIREZ,JAIME RAMIREZ,150,,Cleared
06/20/2025,,"RANGEL,GEN",GENOVEVO RANGEL,GENOVEVO RANGEL,450,,Cleared
06/20/2025,,RED WING,RED WING BUSINESS ADVANTAGE ACCT,RED WING BUSINESS ADVANTAGE ACCT,247.49,,Cleared
06/20/2025,,"REYES,HELD",HELDER REYES,HELDER REYES,150,,Cleared
06/20/2025,,"REYES,JULI",JULIO R REYES,JULIO R REYES,150,,Cleared
06/20/2025,,"RODAS,EDVI",EDVIN R RODAS LOPEZ,EDVIN R RODAS LOPEZ,450,,Cleared
06/20/2025,,ROJAS-GALL,IVAN ROJAS-GALLEGOS,IVAN ROJAS-GALLEGOS,150,,Cleared
06/20/2025,,"SOLIS,ENRI",ENRIQUE SOLIS,ENRIQUE SOLIS,150,,Cleared
06/20/2025,,"SUNUWAR,NA",NARA SUNUWAR ,NARA SUNUWAR ,600,,Cleared
06/20/2025,,TH BRANDS,TH BRANDS,TH BRANDS,2887.73,,Cleared
06/20/2025,,"THAPA,SAMU",SAMUEL THAPA,SAMUEL THAPA,450,,Cleared
06/20/2025,,VARNUM LLP,VARNUM LLP,VARNUM LLP,17000,,Cleared
06/20/2025,,VANMANEN,"VMJH, LLC","VMJH, LLC",1793.21,,Cleared
06/20/2025,,WATER MANA,"WATER MANAGEMENT SPECIALIST, INC","WATER MANAGEMENT SPECIALIST, INC",85345.35,,Cleared
06/20/2025,,W MI INTER,WEST MICHIGAN INTERNATIONAL ,WEST MICHIGAN INTERNATIONAL ,593.7,,Cleared
06/20/2025,,ADT COMMER,EVERON ,EVERON ,654,,Cleared
06/20/2025,,I3 BUSINES,I3 BUSINESS SOLUTIONS LLC,I3 BUSINESS SOLUTIONS LLC,343.08,,Cleared
06/20/2025,,MML POOL,MML LIABILITY AND PROPERTY POOL,MML LIABILITY AND PROPERTY POOL,174524,,Cleared
06/20/2025,,MML WORKER,MML WORKERS COMP FUND,MML WORKERS COMP FUND,12541,,Cleared
06/20/2025,,THE RIGHT ,THE RIGHT PLACE INC,THE RIGHT PLACE INC,2500,,Cleared
06/26/2025,,"ARVIZU,FRA",FRANCISCO ARVIZU,FRANCISCO ARVIZU,150,,Cleared
06/26/2025,,BEAVER RES,BEAVER RESEARCH COMPANY,BEAVER RESEARCH COMPANY,758.5,,Cleared
06/26/2025,,BERNARDINO,NOE BERNARDINO,NOE BERNARDINO,225,,Cleared
06/26/2025,,"CHENLO,MIC",MICHELLE CHENLO,MICHELLE CHENLO,300,,Cleared
06/26/2025,,S HLTH OCC,COREWELL HEALTH OCCUPATIONAL HEALTH,COREWELL HEALTH OCCUPATIONAL HEALTH,421,,Cleared
06/26/2025,,CORWELL HE,COREWELL HEALTH W CLIENT BILLING,COREWELL HEALTH W CLIENT BILLING,50,,Cleared
06/26/2025,,"CRUZ,JESUS",JESUS CRUZ,JESUS CRUZ,225,,Cleared
06/26/2025,,ETNA SUPPL,ETNA SUPPLY COMPANY,ETNA SUPPLY COMPANY,240,,Cleared
06/26/2025,,FASTSIGNS,FASTSIGNS OF GRAND RAPIDS,FASTSIGNS OF GRAND RAPIDS,483.03,,Cleared
06/26/2025,,FUEL MGMT ,FLYERS ENERGY LLC,FLYERS ENERGY LLC,274.1,,Cleared
06/26/2025,,GR CITY TR,GRAND RAPIDS CITY TREASURER,GRAND RAPIDS CITY TREASURER,167251.79,,Cleared
06/26/2025,,HAMMERSMIT,HAMMERSMITH EQUIPMENT CO INC,HAMMERSMITH EQUIPMENT CO INC,630,,Cleared
06/26/2025,,"JAMES,GREG",GREG JAMES,GREG JAMES,198,,Cleared
06/26/2025,,"LANCASTE,D",DARRYL LANCASTER,DARRYL LANCASTER,190,,Cleared
06/26/2025,,"LEE,STEVEN",STEVEN D LEE,STEVEN D LEE,198,,Cleared
06/26/2025,,"LUCAS,G SR",GREGORY LUCAS SR,GREGORY LUCAS SR,198,,Cleared
06/26/2025,,MALDONADO,GUSTAVO MALDONADO,GUSTAVO MALDONADO,150,,Cleared
06/26/2025,,"CHAGOYA,ED",EDUARDO PEREZ CHAGOYA,EDUARDO PEREZ CHAGOYA,300,,Cleared
06/26/2025,,PITNEY B-P,PITNEY BOWES PURCHASE POWER,PITNEY BOWES PURCHASE POWER,1009.75,,Cleared
06/26/2025,,CABALLERO ,PORFIDIO R CABALLERO MEZA,PORFIDIO R CABALLERO MEZA,150,,Cleared
06/26/2025,,PRINT PROD,PRINTING PRODUCTIONS INK,PRINTING PRODUCTIONS INK,583,,Cleared
06/26/2025,,"RAMIREZ,JA",JAIME RAMIREZ,JAIME RAMIREZ,150,,Cleared
06/26/2025,,"RANGEL,GEN",GENOVEVO RANGEL,GENOVEVO RANGEL,300,,Cleared
06/26/2025,,REHMANN,REHMANN TECHNOLOGY SOLUTIONS,REHMANN TECHNOLOGY SOLUTIONS,1077.6,,Cleared
06/26/2025,,"REYES,HELD",HELDER REYES,HELDER REYES,150,,Cleared
06/26/2025,,"REYES,JULI",JULIO R REYES,JULIO R REYES,150,,Cleared
06/26/2025,,"RODAS,EDVI",EDVIN R RODAS LOPEZ,EDVIN R RODAS LOPEZ,300,,Cleared
06/26/2025,,ROJAS-GALL,IVAN ROJAS-GALLEGOS,IVAN ROJAS-GALLEGOS,225,,Cleared
06/26/2025,,"SOLIS,ENRI",ENRIQUE SOLIS,ENRIQUE SOLIS,150,,Cleared
06/26/2025,,"SUNUWAR,NA",NARA SUNUWAR ,NARA SUNUWAR ,450,,Cleared
06/26/2025,,SWANK MOTI,SWANK MOTION PICTURES INC,SWANK MOTION PICTURES INC,480,,Cleared
06/26/2025,,TH BRANDS,TH BRANDS,TH BRANDS,277,,Cleared
06/26/2025,,"THAPA,SAMU",SAMUEL THAPA,SAMUEL THAPA,450,,Cleared
06/26/2025,,TUBERGEN ,TUBERGEN CONSTRUCTION,TUBERGEN CONSTRUCTION,15920,,Cleared
06/25/2025,,CITY/EGRWT,CITY OF EAST GRAND RAPIDS/WTR BILLS,CITY OF EAST GRAND RAPIDS/WTR BILLS,4175.82,,Cleared
06/29/2025,,FIFTH THIR,FIFTH THIRD BANK,ACTIVE TRAINING CONSULTANTS,37302.73,,Cleared
06/29/2025,,FIFTH THIR,VOID,,0,V,Cleared
,,,Void Reason: Created From Check Run Process,,,,
06/29/2025,,FIFTH THIR,VOID,,0,V,Cleared
,,,Void Reason: Created From Check Run Process,,,,
06/29/2025,,FIFTH THIR,VOID,,0,V,Cleared
,,,Void Reason: Created From Check Run Process,,,,
06/29/2025,,FIFTH THIR,VOID,,0,V,Cleared
,,,Void Reason: Created From Check Run Process,,,,
06/29/2025,,FIFTH THIR,VOID,,0,V,Cleared
,,,Void Reason: Created From Check Run Process,,,,
06/29/2025,,FIFTH THIR,VOID,,0,V,Cleared
,,,Void Reason: Created From Check Run Process,,,,
06/29/2025,,FIFTH THIR,VOID,,0,V,Cleared
,,,Void Reason: Created From Check Run Process,,,,
06/29/2025,,FIFTH THIR,VOID,,0,V,Cleared
,,,Void Reason: Created From Check Run Process,,,,
06/29/2025,,FIFTH THIR,VOID,,0,V,Cleared
,,,Void Reason: Created From Check Run Process,,,,
5/3 TOTALS:,,,,,,,
(100 Checks Voided),,,,,,,
Total of 2371 Disbursements:,,,,,50741611.66,,
